Country_code,Country,year,NY.GDP.PCAP.KD.ZG,SH.DYN.MORT,SH.MED.PHYS.ZS,SP.DYN.LE00.IN,SP.POP.TOTL,SP.URB.TOTL.IN.ZS
AFG,Afghanistan,2008,1.6772791560615,96.3,0.183,59.708,26482622.0,21.1241481349633
AFG,Afghanistan,2012,8.27936899310519,81.2,0.246,61.735,30560034.0,23.3434391310979
AFG,Afghanistan,2016,-0.300121027406746,70.0,0.284,62.646,34700612.0,24.6588345720126
AGO,Angola,1984,2.14350685089639,228.0,0.059,42.245,9425917.0,29.5174062708824
AGO,Angola,2004,7.48604694407922,173.8,0.063,51.123,18600423.0,55.0445280863936
ALB,Albania,1984,-3.30749720231947,59.0,1.407,70.984,2904429.0,34.4247705932271
ALB,Albania,1992,-6.62255120696442,37.6,1.604,73.303,3247039.0,36.7184275131439
ALB,Albania,1996,8.00551384353483,32.4,1.318,74.113,3168033.0,38.8996042444751
ALB,Albania,2000,8.14996793452505,27.1,1.366,74.826,3089027.0,41.6135829609314
ALB,Albania,2004,5.70712308403314,21.4,1.194,75.951,3026939.0,44.9784925669394
ALB,Albania,2012,2.5545386692104,11.2,1.27,78.084,2860708.0,53.8637553661449
ALB,Albania,2016,5.52482598081943,9.4,1.212,78.643,2689469.0,55.5738734464276
AND,Andorra,2000,3.56776571144128,7.6,2.557,81.863,65685.0,92.2559356689453
AND,Andorra,2004,1.09540001410325,6.2,3.217,82.815,74325.0,90.5157699584961
AND,Andorra,2012,-3.80075429834201,4.1,3.112,84.334,76834.0,88.6290967082924
AND,Andorra,2016,3.69962046811506,3.4,4.058,84.489,72181.0,88.5027454634853
ARE,United Arab Emirates,1980,11.2287422135124,34.0,1.068,68.157,1015700.0,81.1041461310978
ARE,United Arab Emirates,1984,-1.61328212311676,23.1,0.953,69.802,1305996.0,79.7336810810801
ARE,United Arab Emirates,2000,3.63193280286305,10.7,1.616,76.347,3493575.0,79.287092479995
ARE,United Arab Emirates,2004,3.71551069282259,10.0,1.762,80.272,4428967.0,81.4729199268812
ARE,United Arab Emirates,2008,-7.90935166190489,9.2,1.845,81.591,6302664.0,82.9658963549658
ARE,United Arab Emirates,2012,0.619829719966987,8.4,1.801,81.913,7391448.0,83.7643244751488
ARE,United Arab Emirates,2016,0.574841518832997,7.3,2.458,82.195,8935095.0,84.5093991669984
ARG,Argentina,1984,-0.0338209216825902,32.1,2.683,69.353,29863093.0,84.5580771403692
ARG,Argentina,1988,-2.61112478271322,29.0,3.032,71.097,31780532.0,86.2212114718152
ARG,Argentina,1992,6.45332357113911,27.6,2.636,72.096,33693527.0,87.4815873775619
ARG,Argentina,2004,7.92951713016532,17.3,3.1857,74.871,38815916.0,89.9397208794212
ARG,Argentina,2012,-2.0383253093713,13.3,4.823,75.802,42161721.0,91.2041217246797
ARG,Argentina,2016,-3.02450095578762,11.4,5.024,76.105,43900313.0,91.5856817228217
ARM,Armenia,2000,4.13075887426186,30.8,2.652,72.8804878048781,3221100.0,64.959237917436
ARM,Armenia,2004,11.1144901880771,25.2,2.443,73.0268292682927,3164900.0,64.5972633621116
ARM,Armenia,2008,7.60294775074826,20.6,2.695,73.0731707317073,3087100.0,64.3840928379746
ARM,Armenia,2012,7.33470454115984,17.0,2.859,74.119512195122,3024100.0,64.3268379506998
ARM,Armenia,2016,0.611877151180408,14.0,2.887,74.8682926829268,2992300.0,64.5928753345316
ATG,Antigua and Barbuda,1996,4.42573962263424,15.5,1.141,73.839,69612.0,34.1856194875816
ATG,Antigua and Barbuda,2008,-1.47076894898352,12.4,0.543,76.075,82912.0,27.0585906639822
AUS,Australia,1976,1.56435628568006,16.2,1.5,73.0146341463415,14033000.0,85.9912185628314
AUS,Australia,1984,3.3166427647013,11.6,1.8,75.3878048780488,15579391.0,85.4475664516222
AUS,Australia,1988,4.04503594783567,10.2,2.1,76.4326829268293,16532164.0,85.3697439220883
AUS,Australia,1992,-0.685109221290034,8.2,2.363,77.3780487804878,17478635.0,85.3907597470933
AUS,Australia,1996,2.61251726692284,6.8,2.39,78.0780487804878,18224767.0,85.2405932056372
AUS,Australia,2000,2.73354609011429,6.2,2.476,79.2341463414634,19028802.0,85.1071608578257
AUS,Australia,2004,3.11057041061613,5.8,2.692,80.490243902439,19932722.0,85.518767609412
AUS,Australia,2008,1.56811983624921,5.2,3.0,81.3951219512195,21249199.0,86.0253816967666
AUS,Australia,2012,2.15339832775771,4.3,3.293,82.0463414634146,22733465.0,86.4451259136625
AUS,Australia,2016,1.16312811538609,3.8,3.557,82.4487804878049,24190907.0,87.0166295249235
AUT,Austria,1976,4.76336934989831,21.1,1.5,71.5658536585366,7565525.0,53.198876513723
AUT,Austria,1992,0.976092051303695,8.5,3.213,75.8170731707317,7840709.0,64.9499929346872
AUT,Austria,1996,2.07784870159793,6.4,3.589,76.8707317073171,7959017.0,66.1109299621598
AUT,Austria,2000,2.94168464206538,5.5,3.876,78.1268292682927,8011566.0,66.7690238969566
AUT,Austria,2004,1.93089688878541,5.1,4.232,79.1804878048781,8171966.0,66.9558612872944
AUT,Austria,2008,1.13621131218787,4.5,4.627,80.4317073170732,8321496.0,67.0435560819078
AUT,Austria,2012,0.170488694211613,4.0,4.927,80.9365853658537,8429991.0,67.2085909812279
AUT,Austria,2016,1.01887723192984,3.6,5.129,81.6414634146342,8736668.0,67.7218061923556
AZE,Azerbaijan,1992,-23.7612021557258,95.2,3.805,60.773,7382050.0,52.9185485839844
AZE,Azerbaijan,1996,0.280213889570334,91.0,3.729,62.66,7763000.0,52.1216049194336
AZE,Azerbaijan,2000,10.1910292674816,74.0,3.552,65.377,8048600.0,51.1320838928223
AZE,Azerbaijan,2004,8.30153847939059,55.5,3.54,67.488,8306500.0,52.2831993103027
AZE,Azerbaijan,2008,8.29339095519384,42.7,3.635,69.355,8763400.0,53.063304901123
AZE,Azerbaijan,2012,0.85388594737168,33.2,3.449,71.08,9295784.0,53.8076442276208
AZE,Azerbaijan,2016,-4.14117487259738,26.3,3.262,72.568,9757812.0,55.7574797205266
BDI,Burundi,1984,-2.24212742745944,183.6,0.047,47.687,4926465.0,5.06744140132635
BDI,Burundi,2000,-2.89542791949714,153.7,0.052,47.617,6470194.0,8.04381449833197
BDI,Burundi,2004,0.997721140754805,131.0,0.027,52.217,7310656.0,8.9185547789176
BDI,Burundi,2012,0.762376963720541,80.2,0.049,58.501,10071028.0,12.2244596804615
BEL,Belgium,1976,5.46414014877136,17.6,1.9,72.119756097561,9818227.0,73.1119397796152
BEL,Belgium,1980,4.32900829107655,14.5,2.3,73.2070731707317,9859242.0,74.7214236886134
BEL,Belgium,1984,2.46792120866535,12.2,2.7,74.4048780487805,9855372.0,76.2916732112078
BEL,Belgium,1988,4.39079485847489,10.7,3.1,75.5658536585366,9901664.0,77.8144345775361
BEL,Belgium,1992,1.11956566849732,9.2,3.391,76.3512195121951,10045158.0,79.2814540177363
BEL,Belgium,1996,1.12365026891848,7.2,3.608,77.1873170731707,10156637.0,80.6844777619461
BEL,Belgium,2000,3.46547823151502,5.9,2.829,77.7219512195122,10251250.0,82.0152520403035
BEL,Belgium,2004,3.1239312841995,5.2,2.868,78.8780487804878,10421137.0,83.2655230829461
BEL,Belgium,2008,-0.343476136908251,4.7,2.921,79.6804878048781,10709973.0,84.427037120012
BEL,Belgium,2012,-0.403775116080638,4.3,2.933,80.3853658536585,11106932.0,85.4915403816388
BEL,Belgium,2016,0.682454832714654,4.1,3.28,81.4390243902439,11331422.0,86.4507790979645
BEN,Benin,1980,3.87849215726132,211.7,0.059,47.747,3925251.0,27.3020371175737
BEN,Benin,1992,-0.174577693605642,163.9,0.055,54.137,5617844.0,35.7897618395069
BEN,Benin,2004,1.28077994352564,123.5,0.038,57.346,8159094.0,39.8525699078742
BEN,Benin,2008,1.77647069609412,113.0,0.059,58.099,9228466.0,41.8029662723105
BEN,Benin,2016,0.361166139903119,95.0,0.045,59.283,11697842.0,46.6094559006664
BFA,Burkina Faso,1980,-1.87246341521055,239.1,0.018,46.465,6947900.0,8.41701274093687
BFA,Burkina Faso,1996,8.20998110484305,191.8,0.035,49.693,10655942.0,15.3191448028844
BFA,Burkina Faso,2004,1.24360966999572,158.6,0.052,52.6,13500533.0,21.3392180754924
BFA,Burkina Faso,2008,2.73663676272773,132.7,0.031,55.199,15258093.0,23.3633747838557
BFA,Burkina Faso,2012,3.28878346500349,112.6,0.046,57.457,17172287.0,24.8001912059054
BFA,Burkina Faso,2016,2.9035090911533,97.7,0.062,59.173,19334856.0,25.821510372001
BGD,Bangladesh,1980,-1.56496896529997,205.8,0.12,52.278,88016432.0,14.6751064590553
BGD,Bangladesh,2004,3.81635685042457,66.9,0.269,64.912,142902856.0,25.0094809886101
BGD,Bangladesh,2008,4.96057170242533,53.9,0.33,67.047,149474264.0,26.87206041368
BGD,Bangladesh,2012,5.50548020192592,44.7,0.39,68.989,155070101.0,28.4787972894576
BGD,Bangladesh,2016,6.16181560014782,36.9,0.489,71.075,160811932.0,29.8753915517965
BGR,Bulgaria,1984,3.15480736579876,20.7,2.759,71.499756097561,8960679.0,65.6103744506836
BGR,Bulgaria,1992,-6.27126388892331,19.2,3.159,71.4943902439024,8540164.0,67.1506882200337
BGR,Bulgaria,1996,5.74937030570024,19.4,3.569,70.8973170731707,8362826.0,67.6981964111328
BGR,Bulgaria,2000,5.1050556930103,17.5,3.441,71.6634146341463,8170172.0,68.2631454467773
BGR,Bulgaria,2004,7.31740492679138,14.2,3.537,72.5634146341463,7716860.0,69.9193344116211
BGR,Bulgaria,2008,6.87712653095458,11.4,3.643,72.9634146341463,7492561.0,70.902099609375
BGR,Bulgaria,2012,1.33406661288926,9.9,3.868,74.3146341463415,7305888.0,72.7684860229492
BGR,Bulgaria,2016,4.37288163509066,7.7,4.107,74.8121951219512,6894139.0,73.1750030517578
BHR,Bahrain,1980,-1.85494661016521,33.0,1.087,70.684,358978.0,80.4285215148977
BHR,Bahrain,2000,2.55964691370853,12.5,1.013,74.673,637582.0,87.8356209595597
BHR,Bahrain,2004,-0.710582645687865,11.0,0.922,75.787,823741.0,89.8569005979296
BHR,Bahrain,2008,0.0637144631576234,9.4,0.984,77.457,1103496.0,96.3461384245376
BHR,Bahrain,2012,2.60578123430011,8.1,1.023,79.622,1208964.0,100.0
BHR,Bahrain,2016,-0.0791098754103388,7.6,0.83,80.407,1423726.0,100.0
BHS,"Bahamas, The",1980,4.52774396336473,29.5,0.938,69.091,232526.0,73.1083775505396
BHS,"Bahamas, The",1984,12.2603670641799,28.1,0.943,70.192,248863.0,76.7379968138464
BHS,"Bahamas, The",1996,2.5876999442699,17.6,1.518,71.464,306268.0,80.7886692099075
BHS,"Bahamas, The",2008,-3.62901783567871,16.2,2.645,73.445,358120.0,82.3197128080855
BIH,Bosnia and Herzegovina,2000,4.66760700032494,9.5,1.312,75.292,4159771.0,42.5539898606589
BIH,Bosnia and Herzegovina,2004,7.28905393914994,7.6,1.372,76.489,4140987.0,43.8380473519042
BIH,Bosnia and Herzegovina,2008,7.20155128475226,7.0,1.59,76.3,3947544.0,45.1090576163352
BIH,Bosnia and Herzegovina,2012,1.11532015786369,6.7,1.914,77.037,3670113.0,46.3655655972
BIH,Bosnia and Herzegovina,2016,4.59597025623206,6.8,2.146,77.124,3473003.0,48.0248845752382
BLR,Belarus,1992,-9.79838350074243,15.3,2.9409,70.0219512195122,10216470.0,67.3208541870117
BLR,Belarus,1996,3.14668598096435,15.5,3.084,68.5121951219512,10159569.0,68.2737426757812
BLR,Belarus,2000,6.29963628199231,12.8,3.268,68.9121951219512,9979610.0,69.9172295434732
BLR,Belarus,2004,12.2126184264071,9.4,3.299,68.9560975609756,9730146.0,71.7658538818359
BLR,Belarus,2008,10.581305038428,6.6,3.578,70.4560975609756,9527985.0,73.5531692504883
BLR,Belarus,2012,1.86726973670382,4.9,3.885,71.9658536585366,9446836.0,75.5281066894531
BLR,Belarus,2016,-2.61191381567238,3.9,4.372,73.8268292682927,9469379.0,76.8458709716797
BLZ,Belize,1984,-0.411300256333874,55.2,0.272,67.952,160044.0,49.8073548163703
BLZ,Belize,1988,7.38062987711756,44.4,0.472,69.401,175180.0,47.8697325864159
BLZ,Belize,1996,-1.85800125948006,28.6,0.548,69.363,210310.0,47.5323526855742
BLZ,Belize,2000,8.63286312471467,24.5,1.042,68.911,240799.0,47.6836847507377
BLZ,Belize,2012,1.73206971753382,17.7,1.157,71.134,334414.0,44.6903068035216
BOL,Bolivia,1984,-2.31057153866044,151.0,0.697,53.383,6281868.0,48.7889804252647
BOL,Bolivia,2016,2.7222071569043,30.3,1.569,67.392,11180020.0,68.7446327876947
BRA,Brazil,1984,3.12069396131707,79.8,0.927,63.553,132658864.0,70.8607419854387
BRA,Brazil,1988,-1.9510165069396,68.4,1.185,65.161,143826357.0,73.6138622973844
BRA,Brazil,1992,-2.18850140503228,57.2,1.14,66.539,154275079.0,76.0910875240585
BRA,Brazil,1996,0.672968776246492,44.7,1.259,68.108,164202549.0,78.3021415455398
BRB,Barbados,1984,3.22323163924467,22.6,0.891,73.302,254920.0,63.5240932119026
BRB,Barbados,2000,4.62813476022488,14.4,1.393,74.58,262063.0,62.5379397803044
BRN,Brunei Darussalam,1980,-12.4679873180703,22.8,0.435,69.014,186111.0,59.5396238335958
BRN,Brunei Darussalam,1984,-5.56827268914583,16.7,0.534,70.236,211661.0,60.0533276795725
BRN,Brunei Darussalam,1996,-2.40064278413038,11.9,0.848,73.079,298276.0,69.3322406854373
BRN,Brunei Darussalam,2000,1.2515924816352,10.3,1.029,74.017,326424.0,71.2246805488418
BRN,Brunei Darussalam,2004,-1.67510542923259,9.5,1.312,74.603,352911.0,73.0675067339261
BRN,Brunei Darussalam,2008,-5.66095294794741,9.6,1.493,74.814,377793.0,74.7929411399737
BRN,Brunei Darussalam,2012,-0.62162371685136,9.9,1.469,74.843,405557.0,75.2714233503027
BTN,Bhutan,2004,3.07510668161098,61.2,0.181,65.29,650544.0,30.2914018195132
BTN,Bhutan,2008,3.35523609267926,46.2,0.249,67.733,686351.0,32.76371954591
BTN,Bhutan,2012,4.006257825918,35.6,0.271,69.759,717279.0,35.0188644248365
BTN,Bhutan,2016,7.42464056841786,29.6,0.4,71.119,747866.0,37.2745234641407
BWA,Botswana,1980,7.71723539697769,72.9,0.123,62.527,937485.0,14.9400565709098
BWA,Botswana,1988,15.9394934317422,48.8,0.2,61.696,1235476.0,37.581924935915
BWA,Botswana,2000,-0.163772714868571,81.1,0.298,52.263,1677382.0,53.2047727398794
BWA,Botswana,2004,0.920692081948033,76.3,0.396,53.573,1807146.0,57.2582489329358
BWA,Botswana,2008,1.1992313160418,60.3,0.367,57.661,1949970.0,61.8321593704079
BWA,Botswana,2012,-1.83175900387364,53.4,0.388,60.384,2108617.0,64.3993247826904
BWA,Botswana,2016,5.69319455388396,49.0,0.371,64.32,2234776.0,65.6949296854899
CAF,Central African Republic,1980,-5.52099764656569,188.0,0.043,49.789,2450535.0,35.9276093349123
CAF,Central African Republic,2004,3.72625182811642,152.2,0.079,47.696,4192826.0,37.9626889392062
CAF,Central African Republic,2008,-0.0996463174017777,135.6,0.0405,49.873,4558984.0,38.3474489192338
CAN,Canada,1976,4.50510430004691,16.0,1.7,73.8560975609756,23449808.0,75.532954066479
CAN,Canada,1980,0.867987093611561,12.5,1.8,75.1021951219512,24515667.0,75.6767135132808
CAN,Canada,1984,4.9035541763206,10.1,1.9,76.3319512195122,25607053.0,76.218047632138
CAN,Canada,1988,3.06576122858351,8.8,2.1,76.8587804878049,26791747.0,76.5177005456627
CAN,Canada,1992,-0.296709575701925,7.7,2.1,77.8380487804878,28371264.0,76.7352832428064
CAN,Canada,1996,0.631530881733894,6.7,2.1,78.220243902439,29610218.0,77.8924633929695
CAN,Canada,2004,2.13581560192544,6.1,1.8971,79.9921951219512,31938807.0,79.6923063348315
CAN,Canada,2008,-0.0933427924909864,5.9,1.959,80.7246341463415,33247298.0,80.6628944916604
CAN,Canada,2012,0.658841956783917,5.6,2.3962,81.6636585365854,34713395.0,81.1513483248791
CAN,Canada,2016,-0.0982963624127819,5.3,2.3105,81.94,36110803.0,81.3023011093703
CHE,Switzerland,1976,-0.838489887506583,12.9,2.0,74.7853658536585,6302504.0,59.7254925698242
CHE,Switzerland,1980,4.18745314176385,10.4,2.5,75.4592682926829,6319408.0,61.2892322920315
CHE,Switzerland,1984,2.63920461356098,9.2,2.6,76.6085365853659,6441865.0,63.9592991837694
CHE,Switzerland,1988,2.52134716847148,8.6,3.0,77.2265853658537,6593386.0,67.2749319165596
CHE,Switzerland,1992,-1.13971907473382,7.5,3.012,77.8060975609756,6875364.0,69.820059647118
CHE,Switzerland,1996,0.0285406433398379,6.2,3.584,78.8960975609756,7071850.0,72.0359167090865
CHE,Switzerland,2000,3.37615748239699,5.6,3.51,79.6804878048781,7184250.0,73.302430524727
CHE,Switzerland,2004,1.99813197598502,5.2,3.696,81.0878048780488,7389625.0,73.4761317507392
CHE,Switzerland,2008,1.50995075456851,4.7,3.82,81.9926829268293,7647675.0,73.5482927401305
CHE,Switzerland,2012,0.110596623356798,4.4,3.915,82.6975609756098,7996861.0,73.7522629583622
CHE,Switzerland,2016,0.960131696221239,4.2,4.25,83.6024390243903,8373338.0,76.6726675773771
CHL,Chile,1984,2.43691015051672,23.0,0.817,71.215,12207733.0,82.5795301526956
CHL,Chile,1992,9.71844044949243,16.3,0.983,74.367,13884577.0,83.4959351320883
CHL,Chile,2004,5.60291985486168,9.3,0.974,78.276,16187322.0,86.7336754490112
CHL,Chile,2008,2.75755699285021,8.9,1.031,78.752,16838988.0,86.8765769429469
CHL,Chile,2012,5.14158431251035,8.4,1.735,79.221,17519119.0,87.0824943735696
CHL,Chile,2016,0.52983351729867,7.7,2.286,80.295,18267221.0,87.6306290578181
CHN,China,1976,-3.08132198489825,79.7,1.0,61.225,930685000.0,17.4365386962891
CHN,China,1984,13.7305061049976,55.0,1.33,66.148,1036825000.0,23.0142688751221
CHN,China,1988,9.4461713568776,54.0,1.47,67.607,1101630000.0,25.8146724700928
CHN,China,1996,8.82951365878655,45.6,1.199,70.823,1217550000.0,30.4798641204834
CHN,China,2000,7.73418016479314,36.7,1.263,72.288,1262645000.0,36.4320234662299
CHN,China,2004,9.47923943183717,26.4,1.215,73.727,1296075000.0,41.7600135803223
CHN,China,2008,9.10974706584638,18.5,1.343,74.833,1324655000.0,46.9895057678223
CHN,China,2012,7.12701272347094,13.5,1.562,76.2,1354190000.0,53.1003112792969
CHN,China,2016,6.16542718232793,9.9,1.888,77.214,1387790000.0,58.8399238586426
CIV,Cote d'Ivoire,1996,3.63603752351062,150.7,0.09,51.596,15442312.0,41.6377848898263
CIV,Cote d'Ivoire,2004,0.712925866714116,125.7,0.106,51.939,19595000.0,44.667357886658
CIV,Cote d'Ivoire,2008,2.42600024388695,109.5,0.128,54.179,21514439.0,46.3620274395029
CMR,Cameroon,1992,-5.83737588435096,140.4,0.084,54.053,12006353.0,41.4395077111738
CMR,Cameroon,1996,1.4475466909911,148.1,0.074,53.2,13414757.0,43.9769773548092
CMR,Cameroon,2004,4.14782057634264,131.3,0.188,54.578,16610487.0,48.1826845960942
COD,"Congo, Dem. Rep.",1996,-2.90765166387062,172.5,0.069,49.376,45296124.0,32.9262619269359
COD,"Congo, Dem. Rep.",2004,3.64120168828556,140.7,0.107,53.534,56997741.0,37.0
COG,"Congo, Rep.",2004,-0.000136349476449,93.5,0.212,57.957,3565554.0,60.9205990186239
COG,"Congo, Rep.",2016,-10.8700508595295,50.9,0.102,63.911,5222536.0,63.2515316469123
COL,Colombia,1992,2.00413314386418,33.3,0.922,68.764,33760571.0,70.4190206034906
COL,Colombia,1996,0.213941191632387,28.8,1.095,70.209,36462745.0,72.3326212825811
COL,Colombia,2000,1.25270223212341,25.1,1.264,70.905,39089934.0,74.3493570179247
COL,Colombia,2004,3.79715867736165,22.2,1.391,72.76,41543171.0,75.8080569479496
COL,Colombia,2008,2.04799051810861,19.6,1.563,74.206,43758808.0,76.4596761810047
COL,Colombia,2012,2.87569627540904,17.2,1.814,75.611,45715810.0,76.942211203265
COL,Colombia,2016,1.08114925712198,15.1,2.088,76.228,47437512.0,77.2036266362166
COM,Comoros,1984,1.29672868132171,150.9,0.084,52.784,377637.0,25.4036823536605
COM,Comoros,1988,2.17063009876424,130.4,0.163,54.678,421687.0,27.686692830846
COM,Comoros,1992,5.15205555476597,111.3,0.127,56.576,465113.0,28.4656667857423
COM,Comoros,2004,1.16411909687749,68.0,0.198,60.557,580704.0,27.9596300229124
COM,Comoros,2012,1.11385857437342,52.1,0.181,63.463,681630.0,29.397950693899
COM,Comoros,2016,1.22276485365785,47.6,0.291,64.792,741741.0,30.7305018169792
CPV,Cabo Verde,1988,4.52624066687233,62.1,0.342,63.242,362329.0,40.5165212130308
CPV,Cabo Verde,1992,8.44798979477743,54.6,0.234,64.253,393415.0,46.5644771731675
CPV,Cabo Verde,1996,9.39028619703035,51.7,0.171,65.521,425581.0,50.4962228454294
CPV,Cabo Verde,2004,8.82078735562469,28.2,0.493,70.499,479370.0,57.0677167011018
CPV,Cabo Verde,2012,0.983345735610456,24.2,0.508,73.315,511955.0,63.7260454520996
CPV,Cabo Verde,2016,4.24816232606327,17.6,0.731,74.35,512554.0,68.0354078358316
CRI,Costa Rica,1984,5.09057323467832,22.5,0.99,74.581,2667595.0,44.3652296687604
CRI,Costa Rica,1988,0.804476560644176,18.9,0.881,75.546,2968103.0,46.8912120210327
CRI,Costa Rica,1996,-0.997395703484344,14.7,0.864,76.428,3619013.0,54.6783643677805
CRI,Costa Rica,2000,1.87355738973982,13.1,1.322,77.317,3937739.0,59.0462378975394
CRI,Costa Rica,2008,3.32734114862421,10.9,2.169,79.18,4440056.0,68.7925833934861
CRI,Costa Rica,2012,3.66596860469166,9.8,2.471,79.925,4663934.0,73.3895020668217
CRI,Costa Rica,2016,3.1560705780562,8.9,1.955,79.988,4866998.0,75.5423088085047
CUB,Cuba,1984,7.04820772969525,18.1,1.886,73.552,10073299.0,70.8201293945312
CUB,Cuba,1988,2.7388918714524,14.9,3.0,73.724,10432585.0,72.6781387329102
CUB,Cuba,1992,-12.1393705305651,12.2,4.345,73.846,10785801.0,74.4140930175781
CUB,Cuba,1996,7.47822503827842,10.1,5.485,74.69,10962010.0,74.784049987793
CUB,Cuba,2000,5.56315407850497,8.6,5.941,75.922,11109109.0,75.635383605957
CUB,Cuba,2004,5.49410195800384,7.3,6.203,77.326,11238756.0,75.917681659226
CUB,Cuba,2008,4.07542754472641,6.5,6.602,77.589,11291762.0,76.365461375763
CUB,Cuba,2012,3.00028175038565,6.0,7.26,78.162,11303175.0,76.7776920066844
CUB,Cuba,2016,0.597183645134152,6.2,8.003,77.571,11265612.0,76.9115829467773
CYP,Cyprus,1992,6.52783779751871,10.6,1.688,76.291,810341.0,67.6074573603626
CYP,Cyprus,1996,-0.352429769131803,8.6,1.869,76.88,880290.0,68.3349402485415
CYP,Cyprus,2000,4.84416050602792,6.6,1.899,77.9,947667.0,68.7726966799379
CYP,Cyprus,2004,3.63073785684536,5.0,1.898,79.007,1017875.0,68.5908141437316
CYP,Cyprus,2008,1.07674041142521,3.7,2.007,79.906,1091026.0,67.8666261318649
CYP,Cyprus,2012,-4.90738549673117,3.0,2.236,81.128,1165397.0,67.3010289148738
CYP,Cyprus,2016,6.01835711404337,2.9,2.594,81.534,1237112.0,66.9625604106231
CZE,Czechia,1992,-0.608213629619769,11.1,2.681,72.2717073170732,10319123.0,75.0901441347259
CZE,Czechia,1996,4.28988759442122,7.7,2.99,73.7146341463415,10315241.0,74.5566488007996
CZE,Czechia,2000,4.3027395227283,5.5,3.38,74.9682926829268,10255063.0,74.0038256456769
CZE,Czechia,2004,4.70446820099657,4.6,3.499,75.7219512195122,10197101.0,73.6991647167017
CZE,Czechia,2008,1.76470872925512,3.7,3.558,76.9756097560976,10384603.0,73.4655517409377
CZE,Czechia,2012,-0.909418387644408,3.2,3.676,78.0756097560976,10510785.0,73.2249239592898
CZE,Czechia,2016,2.3840542545404,3.2,4.0194,79.0268292682927,10566332.0,72.9745753395623
DEU,Germany,1992,1.24089739849393,7.6,2.816,75.819512195122,80624598.0,80.026055776091
DEU,Germany,1996,0.745819197608739,6.2,3.087,76.6731707317073,81914831.0,80.0543573168571
DEU,Germany,2000,2.73729010710275,5.4,3.263,77.9268292682927,82211508.0,80.0942160905637
DEU,Germany,2004,1.18405124273107,4.8,3.392,78.6804878048781,82516260.0,80.1549694901257
DEU,Germany,2008,1.07991595041742,4.4,3.584,79.7365853658537,82110097.0,80.2459549084581
DEU,Germany,2012,0.275091009850499,4.0,3.922,80.5390243902439,80425823.0,80.393447520218
DEU,Germany,2016,1.40038690062336,3.9,4.166,80.990243902439,82348669.0,80.8347870684725
DMA,Dominica,1984,4.6434766110028,21.4,0.339,71.913,72056.0,53.0422628009078
DMA,Dominica,1996,3.1918365192295,18.4,0.493,71.039,69410.0,64.9502179888262
DNK,Denmark,1992,1.68600814422976,7.9,2.596,75.1941463414634,5171370.0,84.8829479724314
DNK,Denmark,1996,2.31508116508303,6.3,2.703,75.5914634146342,5263074.0,85.0392028124808
DNK,Denmark,2000,3.37790720232864,5.6,2.913,76.5926829268293,5339616.0,85.0999984741211
DNK,Denmark,2004,2.51108744805822,5.0,3.227,77.4926829268293,5404523.0,85.7130276911593
DNK,Denmark,2008,-1.00055940971312,4.3,3.579,78.4463414634146,5493621.0,86.583137512207
DNK,Denmark,2012,-0.380977125445526,4.1,3.837,80.0512195121951,5591572.0,87.2336196899414
DNK,Denmark,2016,2.27180151789635,4.0,3.999,80.8536585365854,5728010.0,87.6999969482422
DOM,Dominican Republic,1984,-1.02994061516465,74.8,0.564,65.134,6289040.0,53.399614337093
DOM,Dominican Republic,1988,0.0218847754761811,64.4,1.074,66.914,6855734.0,54.4487152766372
DOM,Dominican Republic,2000,2.96955695961634,39.8,1.825,70.365,8584190.0,61.3128549215919
DOM,Dominican Republic,2008,2.00088270726057,35.4,1.085,71.331,9573130.0,72.4865154265802
DZA,Algeria,1984,2.05622585528499,89.1,0.427,62.722,21271969.0,46.8809007601478
DZA,Algeria,1988,-3.73441250470079,55.5,0.429,66.91,24109536.0,50.5447020016562
DZA,Algeria,2016,1.78594064734014,24.5,1.819,75.31,40850721.0,70.7353778263851
ECU,Ecuador,1992,-0.0134164931923948,48.6,1.176,69.468,10930128.0,56.3627931231524
ECU,Ecuador,1996,-0.166942955094115,38.2,1.303,71.82,11810950.0,58.7951345734834
ECU,Ecuador,2000,-0.648225387551591,29.6,0.812,72.09,12689206.0,60.6865005107058
ECU,Ecuador,2004,4.9766254911447,24.6,0.884,73.868,13608701.0,61.7829573274038
ECU,Ecuador,2008,4.76318326284088,21.0,1.096,74.709,14575202.0,62.5395521004212
ECU,Ecuador,2012,4.11233799510666,17.4,1.561,75.486,15572194.0,62.8408732819135
ECU,Ecuador,2016,-2.12550882201938,14.8,2.055,76.094,16505139.0,62.9913367571804
EGY,"Egypt, Arab Rep.",2016,2.24497375649698,22.4,0.763,70.437,101644589.0,42.5210717266225
ERI,Eritrea,1996,3.96150472866739,107.5,0.03,55.498,2128464.0,29.1728047553789
ERI,Eritrea,2000,-4.61837133772084,85.3,0.045,56.285,2247031.0,34.0983619689941
ERI,Eritrea,2004,-2.6238903510386,70.5,0.055,60.063,2598284.0,34.9324645996094
ERI,Eritrea,2008,-12.1248431632963,59.4,0.045,62.422,2816327.0,35.4897117614746
ESP,Spain,1992,0.436115155748553,8.3,4.126,77.41,39157685.0,75.1991108679216
ESP,Spain,1996,2.18092390343854,6.5,2.724,78.1204878048781,39889852.0,75.6972244638181
ESP,Spain,2000,4.73130032942612,5.4,3.101,78.9658536585366,40567864.0,76.1650552349602
ESP,Spain,2004,1.35058688382759,4.9,3.419,79.8707317073171,42921895.0,76.9549627547133
ESP,Spain,2008,-0.827648476802253,4.2,3.523,81.1756097560976,45954106.0,78.0421438998777
ESP,Spain,2012,-2.92815897770406,3.6,3.804,82.4268292682927,46773055.0,78.8455680301618
ESP,Spain,2016,2.83577124069477,3.3,3.803,83.3292682926829,46458139.0,79.3615955277997
EST,Estonia,1992,-19.7174331457865,17.3,3.249,68.8634146341464,1533091.0,70.5333354332329
EST,Estonia,1996,6.50278220805234,14.8,3.107,69.6121951219512,1415594.0,68.4475740642067
EST,Estonia,2000,9.55642258870186,11.0,2.942,70.4170731707317,1396985.0,67.385529072627
EST,Estonia,2004,7.44108988454812,7.8,3.023,71.909756097561,1362550.0,67.467351453949
EST,Estonia,2008,-4.87057915292706,5.4,3.342,73.7707317073171,1337090.0,67.6696980194394
EST,Estonia,2012,4.04377186018716,3.9,3.284,76.3268292682927,1322696.0,67.9629593320316
EST,Estonia,2016,3.06301090349199,3.0,3.457,77.6414634146342,1315790.0,68.724038178078
ETH,Ethiopia,1980,5.83727167777019,240.4,0.011,42.815,34428514.0,10.3746114737509
ETH,Ethiopia,1984,-5.34331479454821,314.3,0.013,36.737,38735722.0,11.2015259613264
ETH,Ethiopia,1988,-3.34518199788337,210.4,0.031,45.682,44150825.0,12.2152770565957
ETH,Ethiopia,1996,8.77685691778561,165.8,0.025,48.697,59467635.0,14.102746963501
ETH,Ethiopia,2000,2.86806618904541,140.4,0.021,50.88,67411494.0,14.9193096160889
ETH,Ethiopia,2004,10.221815108184,115.0,0.026,53.735,76077206.0,15.7585906982422
ETH,Ethiopia,2008,7.62786742867665,92.3,0.024,57.733,85543668.0,16.7936706542969
FIN,Finland,1992,-3.85315295201346,6.1,3.149,75.4553658536585,5041992.0,64.0954742431641
FIN,Finland,1996,3.32316149378687,4.9,2.26,76.6934146341464,5124573.0,65.2098222301322
FIN,Finland,2000,5.53441379935349,4.3,2.499,77.4658536585366,5176209.0,67.1227685349539
FIN,Finland,2004,3.70383750334673,3.9,3.653,78.7146341463415,5228172.0,68.2766596767133
FIN,Finland,2008,0.316320525705208,3.3,3.742,79.5682926829268,5313399.0,69.2943672196361
FIN,Finland,2012,-1.99029082999297,2.8,3.556,80.6268292682927,5413971.0,70.3661363168712
FIN,Finland,2016,2.27754373131673,2.4,3.42,81.4292682926829,5495303.0,71.6158383428171
FJI,Fiji,1980,-3.91985081216323,44.6,0.448,62.406,641975.0,37.7532062840299
FJI,Fiji,1992,5.33128466821873,26.8,0.472,65.407,785346.0,43.0309863643019
FJI,Fiji,2008,0.410201583535269,23.2,0.373,66.32,903399.0,51.0979752573339
FRA,France,1976,3.89596423761951,14.4,1.5,73.1024390243903,54232383.0,73.0820015754495
FRA,France,1980,1.13499020458092,12.4,1.9,74.0512195121951,55274184.0,73.2481970470056
FRA,France,1984,1.11432810235115,10.7,2.5,75.0,56383085.0,73.487468496869
FRA,France,1988,4.21003285861991,9.6,2.9,76.1,57598186.0,73.8329418235332
FRA,France,1992,1.01174283165568,8.1,3.184,77.1,58846584.0,74.4051122960444
FRA,France,1996,1.03528502888366,6.1,3.283,77.9536585365854,59754504.0,75.3592581297959
FRA,France,2000,3.42869029655284,5.4,3.328,79.0560975609756,60918661.0,76.5143983146093
FRA,France,2004,2.11736543407739,4.8,3.413,80.1634146341463,62707588.0,77.4900500011961
FRA,France,2008,-0.178410661195599,4.4,3.385,81.2146341463415,64375116.0,77.1561901569367
FRA,France,2012,-0.299598729272304,4.1,3.139,81.9682926829268,65657659.0,77.1669464919916
FRA,France,2016,0.594243752389232,4.2,3.2,82.5731707317073,66724104.0,78.5999114705779
FSM,"Micronesia, Fed. Sts.",2000,4.28467728576419,38.6,0.571,64.317,112044.0,22.3299999237061
FSM,"Micronesia, Fed. Sts.",2008,-1.73931186268365,35.4,0.588,64.849,108936.0,22.3111192453232
FSM,"Micronesia, Fed. Sts.",2012,-1.86916426162232,32.5,0.667,65.08,107890.0,22.2942568788425
GAB,Gabon,1988,9.74962687560345,88.2,0.246,60.398,931020.0,66.3848281228557
GAB,Gabon,2004,-2.09108844494591,66.0,0.278,62.694,1421609.0,82.7355438220611
GAB,Gabon,2008,-6.37298501256997,57.7,0.0968,64.011,1607175.0,85.2437672472316
GAB,Gabon,2016,-0.79183198007,42.4,0.34,66.583,2100306.0,88.5445883406178
GBR,United Kingdom,1976,2.82995299273523,17.2,1.2,72.7756097560976,56211968.0,77.8040897463968
GBR,United Kingdom,1992,1.0211660302119,8.2,1.64,76.4341463414634,57580402.0,78.1549335902337
GBR,United Kingdom,1996,2.35396378671228,7.0,1.791,77.0878048780488,58166950.0,78.8961449050823
GBR,United Kingdom,2000,4.15158061382745,6.5,1.987,77.7414634146342,58892514.0,79.8241408315172
GBR,United Kingdom,2004,1.74549468873848,6.1,2.324,78.7463414634146,59987905.0,80.3423284929998
GBR,United Kingdom,2008,-0.832967942760902,5.6,2.559,79.6,61806995.0,80.7547673906116
GBR,United Kingdom,2012,0.807661642969506,4.8,2.69,80.9048780487805,63711000.0,81.2905667759508
GBR,United Kingdom,2016,1.39799087279013,4.4,2.773,81.1560975609756,65607000.0,82.0229991698295
GEO,Georgia,1976,5.33721073796755,68.6,3.72,66.894,4342400.0,50.7479591369629
GEO,Georgia,1980,3.69867612947934,59.0,4.123,68.273,4467700.0,52.2925300598145
GEO,Georgia,1984,4.5315677189254,51.6,4.471,68.795,4622200.0,53.6521606445312
GEO,Georgia,1988,4.51547691173728,48.2,4.868,68.825,4790700.0,55.4403190612793
GEO,Georgia,1992,-45.3248837559735,46.8,4.726,67.78,4873500.0,54.6303689947684
GEO,Georgia,1996,15.3128352453698,43.6,3.086,70.637,4491699.0,53.3941759015751
GEO,Georgia,2000,3.84018024327052,36.3,3.867,70.091,4077131.0,52.4935999592259
GEO,Georgia,2004,6.44984993877193,26.0,3.96,71.011,3927340.0,52.7173199317225
GEO,Georgia,2008,2.7332346709434,17.2,4.205,70.949,3848449.0,54.2232719833673
GEO,Georgia,2012,7.36675215463949,12.1,4.75,72.672,3728874.0,56.1683526759979
GEO,Georgia,2016,3.38835328316745,10.2,6.351,73.136,3727505.0,57.6984032005062
GHA,Ghana,1984,5.8786494701893,159.0,0.067,52.232,13370590.0,32.1104883606371
GHA,Ghana,1996,2.18761953564251,112.9,0.062,56.957,17810181.0,40.8143452217336
GHA,Ghana,2004,2.83982995857866,85.2,0.148,59.316,21868298.0,46.7572004525685
GHA,Ghana,2008,6.41466992518754,73.1,0.077,60.578,24249946.0,49.4708679942306
GHA,Ghana,2012,6.67974740594653,60.2,0.093,61.995,26734268.0,51.9197918381031
GHA,Ghana,2016,1.04704406736222,50.2,0.123,63.522,29356742.0,54.167052758274
GIN,Guinea,2000,0.512194741763963,165.4,0.091,52.42,8428832.0,30.9231105645224
GIN,Guinea,2004,0.172593565879879,141.2,0.109,53.975,9062726.0,32.1032575610216
GIN,Guinea,2016,8.01216245351651,111.7,0.081,58.49,12073030.0,35.3100280761719
GMB,"Gambia, The",2004,4.16456397721086,95.2,0.102,58.749,1621312.0,51.5062022597801
GMB,"Gambia, The",2008,3.21187607038,79.8,0.096,60.473,1817852.0,54.6431233516671
GNB,Guinea-Bissau,1996,9.29819236395304,194.3,0.166,48.772,1143535.0,35.3666984049549
GNB,Guinea-Bissau,2004,-1.13385031185746,151.1,0.139,52.8,1349563.0,38.0781980012196
GNB,Guinea-Bissau,2008,1.92082759963192,126.1,0.052,55.3,1488054.0,39.3320535671181
GNB,Guinea-Bissau,2016,2.81765698941554,88.4,0.1,60.619,1831893.0,42.586109161377
GNQ,Equatorial Guinea,1996,60.3410922687992,169.3,0.246,52.123,593492.0,38.8068320483764
GNQ,Equatorial Guinea,2004,30.0162976688723,137.8,0.17,55.307,899917.0,40.9304009672368
GRC,Greece,1976,5.20508290337798,25.1,2.1,73.6791219512195,9188150.0,67.8227580750934
GRC,Greece,1980,-0.306898946794945,19.6,2.4,74.5065609756098,9642505.0,69.47517560585
GRC,Greece,1984,1.5036721676605,15.4,2.9,75.7576097560976,9895801.0,70.4728797155812
GRC,Greece,1992,-0.0662990265129082,9.5,3.739,77.3829268292683,10399061.0,71.7712094830401
GRC,Greece,1996,0.936690833341629,8.1,3.927,77.6853658536585,10608800.0,72.1791653357157
GRC,Greece,2000,3.71272971778744,6.4,4.382,77.8878048780488,10805808.0,72.665642910984
GRC,Greece,2004,5.11746949484984,4.9,4.928,79.0390243902439,10955141.0,73.8267602923728
GRC,Greece,2008,-0.2077841521306,4.0,5.71,79.9390243902439,11077841.0,75.615079456679
GRC,Greece,2012,-7.83408943355501,4.0,5.778,80.6341463414634,11045011.0,76.8679797449322
GRC,Greece,2016,0.384851865059588,4.3,6.122,81.3878048780488,10775971.0,77.7122988766348
GRD,Grenada,1984,2.97198524446046,29.9,0.49,69.095,95498.0,33.1173008892946
GRD,Grenada,1988,2.1477328986426,24.6,0.553,70.045,98308.0,33.2837097011674
GRD,Grenada,2000,4.18122183760816,15.5,0.54,72.955,107451.0,35.8702371019579
GTM,Guatemala,1984,-2.28271607874382,104.5,0.47,59.074,7630682.0,32.870104251726
GTM,Guatemala,1988,1.02339774619576,87.9,0.26,61.538,8532099.0,33.45883770369
GUY,Guyana,1984,-4.81035981891441,67.4,0.165,61.255,774111.0,29.5222629148087
GUY,Guyana,2000,-1.40881252207762,46.5,0.479,64.075,764832.0,28.7610390578913
HND,Honduras,1984,-0.607016567175762,78.1,0.691,62.819,4199850.0,37.3155334631478
HND,Honduras,1988,4.58628398956711,64.0,0.829,64.393,4707677.0,39.4721690083612
HND,Honduras,2000,6.65751932854472,37.3,0.559,68.302,6577773.0,45.3233354392127
HND,Honduras,2016,1.96051068302054,19.8,0.589,71.615,9412380.0,54.8868414578857
HRV,Croatia,1992,-9.52911083766807,11.5,1.975,71.2414634146342,4575818.0,54.5675850528016
HRV,Croatia,1996,7.57433401029368,9.6,2.216,72.3653658536585,4557097.0,55.3155603054641
HRV,Croatia,2000,3.96576608623806,8.3,2.413,72.8078048780488,4468302.0,55.6818319251231
HRV,Croatia,2004,4.14142093178604,7.1,2.574,75.520243902439,4304600.0,55.5890878734365
HRV,Croatia,2008,1.9849846109197,5.9,2.735,75.9121951219512,4309705.0,55.3530687812969
HRV,Croatia,2012,-1.77266552955663,5.2,2.999,77.1682926829268,4260368.0,55.3042888624873
HRV,Croatia,2016,4.59659233874163,4.9,3.265,77.9219512195122,4106867.0,55.7294398599808
HTI,Haiti,1984,-1.65138144860573,171.1,0.141,51.254,6069230.0,20.9263676988077
HTI,Haiti,1988,-1.8258071813457,153.2,0.143,52.554,6578145.0,22.8702681071541
HTI,Haiti,1992,-7.18236675047231,136.6,0.084,54.041,7136571.0,26.3663573562854
HUN,Hungary,1976,3.03157554475959,32.3,2.3,69.5731707317073,10598677.0,56.7982604503868
HUN,Hungary,1980,0.134797306949679,23.7,2.3,69.0617073170732,10711122.0,57.9173769651817
HUN,Hungary,1984,2.86366988258193,22.0,2.5,69.0258536585366,10668095.0,59.1109531827963
HUN,Hungary,1988,0.0880272078164666,18.7,2.7,70.0234146341463,10596487.0,60.360508071119
HUN,Hungary,1992,-3.02623555314709,15.7,3.006,69.1170731707317,10369341.0,61.6475605980383
HUN,Hungary,1996,0.27332748929139,11.9,3.4,70.3287804878049,10311238.0,62.9536297314429
HUN,Hungary,2000,4.68094650632939,10.1,3.012,71.2463414634146,10210971.0,64.2602344392211
HUN,Hungary,2004,5.19581258967388,8.0,3.344,72.6487804878049,10107146.0,65.0225372314453
HUN,Hungary,2008,1.17042884387347,6.5,3.097,73.7024390243903,10038188.0,68.0976986078883
HUN,Hungary,2012,-0.828646515876528,5.7,3.09,75.0634146341463,9920362.0,69.5772326660156
HUN,Hungary,2016,2.83749039789862,4.7,3.212,76.0634146341464,9759755.0,70.4733810424805
IDN,Indonesia,2012,4.67540374198676,31.0,0.197,68.862,252698525.0,51.1593933105469
IND,India,1980,4.22047070988454,169.1,0.371,53.593,687354025.0,23.5084873816783
IND,India,1984,1.41351916765689,150.3,0.396,55.813,754875449.0,24.4606633455594
IND,India,1988,7.18812237907234,134.2,0.407,57.744,827342990.0,25.2023168909072
IND,India,2016,6.97394690929247,41.1,0.748,69.709,1343944296.0,32.8650780972823
IRL,Ireland,1992,2.64060735516456,8.1,1.994,75.4150975609756,3558430.0,57.2482078114213
IRL,Ireland,1996,6.53331318104139,7.3,2.095,75.8317073170732,3637510.0,58.1743161677665
IRL,Ireland,2000,7.95480656981979,7.2,2.219,76.5365853658537,3805174.0,59.1247997891425
IRL,Ireland,2004,4.85345751357542,5.6,2.74,78.5390243902439,4070262.0,60.1994750854288
IRL,Ireland,2008,-6.41164613131696,4.4,3.952,80.0951219512195,4489544.0,61.3581903884996
IRL,Ireland,2012,-0.826164036751607,4.0,3.949,80.8463414634146,4599533.0,62.2529318511038
IRL,Ireland,2016,-0.0687294094505688,3.6,3.193,81.6536585365854,4762722.0,62.7229399123734
IRN,"Iran, Islamic Rep.",1988,-9.06498970588623,64.2,0.318,63.255,55072694.0,55.3658065795898
IRN,"Iran, Islamic Rep.",1996,5.20766542268932,44.0,0.85,68.328,62881300.0,61.0621868466265
IRN,"Iran, Islamic Rep.",2004,2.12837885127104,28.3,0.865,72.04,70256316.0,67.2567367553711
IRQ,Iraq,1980,20.8838349579151,72.3,0.563,60.916,13591992.0,66.0064583480416
IRQ,Iraq,2004,49.0738525824483,40.7,0.658,64.634,27577878.0,68.2202223846538
IRQ,Iraq,2016,11.0984155585203,28.4,0.707,68.683,38469627.0,69.9123778259643
ISL,Iceland,1976,4.91254750217661,12.2,1.9,76.9721951219512,220154.0,87.1798782348633
ISL,Iceland,1980,4.63406747563735,9.7,2.1,76.8465853658537,228138.0,88.0869979858398
ISL,Iceland,1984,3.02744364387033,7.9,2.4,77.5765853658537,239511.0,89.1222763061523
ISL,Iceland,1988,-1.64234779846751,6.7,2.7,77.0829268292683,249740.0,90.1216888427734
ISL,Iceland,1992,-4.58053143553516,5.8,2.953,78.760243902439,261057.0,91.145637512207
ISL,Iceland,1996,3.93497734946855,4.9,3.119,78.7778048780488,268916.0,91.8401641845703
ISL,Iceland,2000,3.47861640541853,4.0,3.441,79.6536585365854,281205.0,91.9674192031642
ISL,Iceland,2004,6.68188294901493,3.3,4.192,80.9975609756098,292074.0,92.4377293375354
ISL,Iceland,2008,-0.174091482130947,2.8,3.641,81.609756097561,317414.0,93.0646442174216
ISL,Iceland,2012,0.632418770044652,2.6,3.56,82.9170731707317,320716.0,93.514892578125
ISL,Iceland,2016,4.75387973177391,2.6,3.85,82.2048780487805,335439.0,93.7822647094726
ISR,Israel,1992,4.09927943070052,10.4,3.655,76.5048780487805,5123000.0,90.6099902925991
ISR,Israel,1996,3.10605874021471,8.2,3.685,78.1048780487805,5692000.0,90.9329267580104
ISR,Israel,2000,5.75056411535006,6.9,3.697,78.9536585365854,6289000.0,91.2809653237465
ISR,Israel,2004,2.81436914832607,5.8,3.67,80.1463414634146,6809000.0,91.5829008110251
ISR,Israel,2008,1.40446742128471,4.9,3.52,80.9512195121951,7308800.0,91.7292868898136
ISR,Israel,2012,0.573190077448643,4.3,3.503,81.7048780487805,7910500.0,91.7276502819515
ISR,Israel,2016,2.4319477135746,3.8,3.422,82.4073170731707,8546000.0,91.6894623646632
ITA,Italy,1992,0.765807563298623,8.9,5.678,77.419512195122,56797087.0,66.7046939025797
ITA,Italy,1996,1.31710619734164,7.0,3.878,78.5219512195122,56860281.0,66.8793923102889
ITA,Italy,2000,3.83504714661416,5.6,3.424,79.7780487804878,56942108.0,67.1932283786243
ITA,Italy,2004,0.721242547682493,4.6,3.667,80.7804878048781,57828179.0,67.5072499739908
ITA,Italy,2008,-1.7836019705945,4.1,3.74,81.4853658536585,59211181.0,67.9071958431441
ITA,Italy,2012,-3.38984189684089,3.8,3.81,82.2390243902439,60191247.0,68.7608794235259
ITA,Italy,2016,1.42884453159633,3.4,3.963,83.2439024390244,60115223.0,69.5969232525286
JAM,Jamaica,1984,-2.83493397320355,33.2,0.489,69.809,2264562.0,48.319534412407
JAM,Jamaica,2008,-1.24242279776804,19.2,0.405,71.502,2725635.0,53.3674108497524
JAM,Jamaica,2012,-1.04151903293869,18.9,0.363,72.405,2772430.0,54.2478817703732
JAM,Jamaica,2016,2.49050959451111,18.6,0.471,72.052,2809915.0,55.549259277615
JOR,Jordan,1980,7.18849704860732,54.8,0.786,66.493,2234186.0,59.8270666521535
JOR,Jordan,1984,-0.319725177301962,45.5,1.159,68.206,2654688.0,65.6984901777058
JOR,Jordan,2000,2.10734677821851,25.8,1.778,71.926,5386945.0,78.2848247546539
JOR,Jordan,2004,5.97888573730077,22.7,1.938,72.788,5882061.0,78.3185350370311
JOR,Jordan,2008,4.72560086199387,20.0,2.085,73.563,6989866.0,80.1290966207551
JPN,Japan,1976,2.86677809766631,12.5,1.1,74.6865853658537,112775000.0,75.9718496490584
JPN,Japan,1992,0.526745036286385,6.1,1.703,79.080243902439,124425000.0,77.6108029675096
JPN,Japan,1996,2.90014123428134,5.5,1.837,80.219756097561,125757000.0,78.1374047267253
JPN,Japan,2000,2.59289108643961,4.5,1.931,81.0760975609756,126843000.0,78.6126803295375
JPN,Japan,2004,2.15172332915763,3.9,2.029,82.030243902439,127761000.0,84.3710541898905
JPN,Japan,2008,-1.27210994875956,3.4,2.146,82.5875609756098,128063000.0,89.2921563808851
JPN,Japan,2012,1.53678665868971,3.1,2.283,83.0960975609756,127629000.0,91.0265277326652
JPN,Japan,2016,0.805362824501671,2.7,2.423,83.9848780487805,127076000.0,91.4541254852142
KAZ,Kazakhstan,1992,-5.59517557101667,51.6,3.825,64.978,17332625.0,57.0785089227206
KAZ,Kazakhstan,1996,2.42544484330412,51.6,3.53,63.455,16416027.0,56.6232468416365
KAZ,Kazakhstan,2000,9.47962640033421,42.5,3.158,63.793,15501103.0,56.0239607657944
KAZ,Kazakhstan,2004,8.88930817801581,33.3,3.455,65.04,15850159.0,54.9200902244233
KAZ,Kazakhstan,2008,2.23526924918258,24.7,3.588,66.759,16426525.0,54.1287736358813
KAZ,Kazakhstan,2012,3.34601033412712,16.3,3.786,69.939,17306106.0,54.69208192838
KAZ,Kazakhstan,2016,-0.438395201172128,11.0,3.707,72.549,18363600.0,56.7476265001667
KEN,Kenya,2008,-2.7588645638462,58.2,0.169,59.955,39206351.0,31.4230276259143
KEN,Kenya,2012,1.87670753904403,51.2,0.184,61.537,43888303.0,31.8558130142761
KGZ,Kyrgyz Republic,1992,-14.8256285785517,64.7,3.304,68.1024390243903,4515400.0,37.367181569335
KGZ,Kyrgyz Republic,1996,5.51161045842127,61.7,3.128,66.5439024390244,4628438.0,35.830952932877
KGZ,Kyrgyz Republic,2000,4.19610604345162,50.8,1.803,68.5585365853659,4898362.0,35.3216067847574
KGZ,Kyrgyz Republic,2004,5.73937835827032,41.2,1.984,68.1536585365854,5104713.0,35.3058886953128
KGZ,Kyrgyz Republic,2008,7.37554930252675,33.7,1.892,68.4512195121951,5318729.0,35.2897130588983
KGZ,Kyrgyz Republic,2012,-1.95288116304553,26.0,1.878,70.0024390243902,5652076.0,35.218916221918
KGZ,Kyrgyz Republic,2016,2.04985149948004,21.1,1.853,70.9512195121951,6175338.0,35.0515747230627
KHM,Cambodia,1992,1.39521127525019,116.5,0.107,55.747,8113083.0,16.4097495102946
KHM,Cambodia,1996,-1.77693528347505,120.1,0.115,56.832,10801270.0,17.8834321201168
KHM,Cambodia,2000,8.25832877301973,105.9,0.164,59.491,12462336.0,18.6242216655572
KHM,Cambodia,2008,5.85728555368171,51.3,0.241,66.147,14053479.0,19.6574509865325
KHM,Cambodia,2012,6.04756982656951,37.7,0.163,68.371,14945085.0,23.9411047582349
KHM,Cambodia,2016,6.34300627617029,30.2,0.197,69.635,15852803.0,32.4767436038024
KIR,Kiribati,1980,-2.65826509619578,119.1,0.516,57.303,61148.0,32.4352012502084
KIR,Kiribati,1992,21.9252039696882,84.4,0.186,61.968,77641.0,35.4883396105748
KIR,Kiribati,2008,-4.98978666488051,59.3,0.24,65.746,104222.0,45.9461325515373
KNA,St. Kitts and Nevis,1980,8.90323754026024,50.6,0.36,64.385,42850.0,35.9019481424905
KNA,St. Kitts and Nevis,1984,9.43711188705959,40.0,0.458,65.334,42113.0,35.6050720001667
KNA,St. Kitts and Nevis,1992,3.35471559982065,29.0,0.762,66.339,40715.0,34.315544470369
KNA,St. Kitts and Nevis,1996,4.48268214386603,27.0,1.119,67.488,42877.0,33.543354259104
KOR,"Korea, Rep.",1984,9.27971886036099,27.0,0.6,68.1951219512195,40405956.0,63.149438472478
KOR,"Korea, Rep.",1988,11.0405571742325,18.7,0.7,70.5487804878049,42031247.0,70.5877839860655
KOR,"Korea, Rep.",1992,5.25214973420644,13.3,0.949,72.4975609756098,43747962.0,76.1960694185519
KOR,"Korea, Rep.",1996,6.9664053263099,9.8,1.169,74.1512195121951,45524681.0,78.7508147919442
KOR,"Korea, Rep.",2000,8.29254041446951,7.5,1.302,75.909756097561,47008111.0,79.579960745642
KOR,"Korea, Rep.",2004,4.7675860552671,6.0,1.577,77.6658536585366,48082519.0,81.104386778171
KOR,"Korea, Rep.",2008,2.22523680909987,4.5,1.872,79.5170731707317,49054708.0,81.8350833138518
KOR,"Korea, Rep.",2012,2.00997301929048,3.8,2.099,80.819512195122,50199853.0,81.9087898200378
KOR,"Korea, Rep.",2016,2.76290075939411,3.4,2.29,82.2756097560976,51217803.0,81.5559241797057
KWT,Kuwait,1980,-23.7630883360282,35.9,1.698,71.4554878048781,1504782.0,94.7699286306905
KWT,Kuwait,2004,7.81613775807561,11.9,1.5,76.7276829268293,2157320.0,99.94716743531
KWT,Kuwait,2008,-3.06795857769427,11.2,1.884,77.1890487804878,2651421.0,100.0
KWT,Kuwait,2012,0.0983286715542846,9.9,2.475,78.3950243902439,3337109.0,100.0
KWT,Kuwait,2016,-1.43152053599024,9.0,2.106,79.6775853658537,4004096.0,100.0
LAO,Lao PDR,2000,4.03726532497247,107.5,0.279,58.317,5431212.0,22.1840964350091
LAO,Lao PDR,2004,4.81831567317876,90.8,0.346,60.08,5781626.0,26.5371091732139
LAO,Lao PDR,2012,6.49513527103458,61.5,0.321,65.126,6518978.0,31.7422801040872
LAO,Lao PDR,2016,5.36288912313843,50.9,0.371,67.014,6908802.0,33.8267455533474
LBN,Lebanon,2016,3.95420458700914,13.1,2.136,78.306,6323060.0,88.835892633396
LBR,Liberia,2004,1.4054000654278,143.1,0.033,55.949,3156892.0,45.4344781497244
LBR,Liberia,2008,2.88473943454363,112.6,0.013,58.675,3821003.0,47.1080497871025
LBR,Liberia,2016,-3.54590251888713,88.3,0.049,60.483,4755608.0,51.2687310234384
LBY,Libya,1980,-4.91683695828884,71.1,1.333,64.797,3424378.0,70.5449107693754
LBY,Libya,2004,2.32576943782377,24.4,1.232,71.21,5736693.0,88.0371675280346
LBY,Libya,2008,-2.26034195363675,18.8,1.79,71.936,6235430.0,88.1474456787109
LCA,St. Lucia,1984,5.55782690783433,25.5,0.285,70.522,127067.0,27.9173882327449
LCA,St. Lucia,2004,6.44252113072108,18.3,0.4203,72.453,164239.0,24.8459172882296
LCA,St. Lucia,2012,-0.563683330885993,17.8,2.19,72.86,172587.0,18.6193081275177
LCA,St. Lucia,2016,2.9915396739198,17.2,5.672,72.552,175646.0,20.8164880000551
LKA,Sri Lanka,1992,2.75390592994462,22.9,0.175,69.619,16739284.0,17.1453343172557
LKA,Sri Lanka,1996,1.8233928834009,19.5,0.286,69.841,17905018.0,15.5065242809941
LKA,Sri Lanka,2000,4.0862744786218,16.3,0.413,71.179,19293054.0,14.6196895000898
LKA,Sri Lanka,2004,4.7307209819853,28.8,0.522,68.022,20087605.0,14.9130061059922
LKA,Sri Lanka,2008,5.24732975759279,12.0,0.605,72.556,20629378.0,16.2762363395441
LKA,Sri Lanka,2012,7.80902906849383,10.3,0.742,75.187,21169458.0,18.2617686748284
LKA,Sri Lanka,2016,3.86979649875681,8.3,0.856,76.136,21209000.0,18.9747679368162
LTU,Lithuania,1992,-21.1734221345262,17.8,3.586,70.2343902439025,3700114.0,67.5609840319184
LTU,Lithuania,1996,5.82855284120009,13.4,3.72,70.1080487804878,3601613.0,67.2663125852689
LTU,Lithuania,2000,4.14861792867285,10.7,3.626,72.0195121951219,3499536.0,66.9768374826555
LTU,Lithuania,2004,7.70478467031737,9.3,3.627,71.9609756097561,3377075.0,66.6022567749023
LTU,Lithuania,2008,3.66012476803633,7.4,3.881,71.8121951219512,3198231.0,66.7527770996094
LTU,Lithuania,2012,5.74397608423232,5.3,4.218,73.8634146341464,2989139.0,66.8536758422852
LTU,Lithuania,2016,3.87744054624235,4.9,4.466,74.6707317073171,2877325.0,67.1894226074219
LUX,Luxembourg,1976,2.02809658023895,15.8,1.3,70.2204146341464,360731.0,78.3242927185128
LUX,Luxembourg,1980,0.482551649492024,13.4,1.7,72.2581707317073,364150.0,80.3023848276065
LUX,Luxembourg,1984,6.07785079672442,11.6,1.7,72.5807073170732,365998.0,80.6484573199055
LUX,Luxembourg,1988,7.6791083604264,9.7,1.9,74.1201951219512,373450.0,80.7996431570829
LUX,Luxembourg,1992,0.476077518162256,7.8,2.077,75.7707317073171,392175.0,81.2001998208798
LUX,Luxembourg,1996,0.027252339399638,6.0,2.315,76.519512195122,414225.0,82.6176360369709
LUX,Luxembourg,2000,5.5104089136417,4.7,2.151,77.8731707317073,436300.0,84.4182155177842
LUX,Luxembourg,2004,2.76088619019987,3.7,2.422,79.1219512195122,458095.0,85.9799097226846
LUX,Luxembourg,2008,-2.066473342352,3.0,2.716,80.5390243902439,488650.0,87.6037664162874
LUX,Luxembourg,2012,-0.762183314011807,2.7,2.807,81.3926829268293,530946.0,89.4405768017292
LUX,Luxembourg,2016,2.73979148676671,2.5,2.884,82.6853658536585,582014.0,91.5357090052649
LVA,Latvia,1992,-31.1775189815565,19.3,3.133,68.3960975609756,2614338.0,70.2244455514955
LVA,Latvia,1996,3.45875626105796,19.0,2.834,68.7765853658537,2457222.0,68.8495525824891
LVA,Latvia,2000,6.86619861333267,14.2,2.879,70.3146341463415,2367550.0,68.0520561441955
LVA,Latvia,2004,9.91817299610062,11.2,2.916,72.0268292682927,2263122.0,67.9206702831277
LVA,Latvia,2008,-2.36803650613602,8.8,3.233,72.419512195122,2177322.0,67.8420335208058
LVA,Latvia,2012,8.64449958601972,6.6,3.144,73.7780487804878,2034319.0,67.8331638942219
LVA,Latvia,2016,3.49318640044002,4.7,3.212,74.580487804878,1959537.0,67.9307110858472
MAR,Morocco,1988,9.74037643742669,88.6,0.214,61.231,23500524.0,46.9474945068359
MAR,Morocco,2004,3.20713471239438,43.6,0.534,68.272,29953018.0,54.9787569660869
MCO,Monaco,1992,0.506793651306438,7.1,2.718,80.065,30887.0,100.0
MCO,Monaco,2012,-1.21400229828895,3.8,7.32,85.045,34711.0,100.0
MDA,Moldova,1992,-29.0857055867621,34.8,3.427,66.749,2980965.0,46.3824577331543
MDA,Moldova,1996,-5.68841796095853,38.5,3.511,66.248,2947293.0,45.0867500305176
MDA,Moldova,2000,2.31558560482232,31.3,2.437,67.462,2924668.0,40.4185981750488
MDA,Moldova,2004,7.66608705336095,21.6,2.247,68.017,2896023.0,39.4460945129395
MDA,Moldova,2008,8.00539195483559,17.7,2.623,69.0,2868833.0,39.3710708618164
MDA,Moldova,2012,-0.576700868382531,16.3,2.889,70.344,2860324.0,39.3614196777344
MDA,Moldova,2016,5.87017576429136,15.3,3.239,70.179,2803186.0,39.7373237609863
MDG,Madagascar,1996,-1.08018694336826,125.6,0.107,55.477,14510711.0,23.7907085718749
MDG,Madagascar,2004,2.23191685103676,88.2,0.149,60.168,18606608.0,26.1869753064804
MDG,Madagascar,2008,3.62579150838536,75.3,0.178,61.992,20923840.0,27.31826536364
MDG,Madagascar,2012,0.20064094160324,67.7,0.136,63.007,23462438.0,28.3988032871081
MDV,Maldives,1996,5.51602988994901,57.4,0.66,67.734,262347.0,25.7015358485339
MDV,Maldives,2004,4.19516512399211,27.0,1.002,73.008,301413.0,32.8541942827704
MDV,Maldives,2016,2.73896015037067,9.2,1.32,78.913,443308.0,38.9560872317815
MEX,Mexico,1992,1.6256225611147,41.2,1.333,69.663,86044809.0,72.2406081339013
MEX,Mexico,1996,4.39127291010242,34.0,1.664,71.088,92452702.0,73.6269922663634
MEX,Mexico,2000,3.42140514214798,28.1,1.631,72.562,98625552.0,74.9203113970256
MEX,Mexico,2004,2.16106229645384,23.6,1.655,73.432,104394131.0,76.3274397419019
MEX,Mexico,2008,-0.519889925183975,20.4,1.957,73.695,110374288.0,76.5090428271033
MEX,Mexico,2012,2.1573183045698,17.9,2.12,74.128,116818208.0,76.6585199140734
MEX,Mexico,2016,0.790955216102532,15.7,2.345,74.376,122251351.0,77.4405087351486
MHL,Marshall Islands,1996,-11.2390062062195,41.4,0.422,62.765,48775.0,67.6257676815771
MHL,Marshall Islands,2000,1.43606867628043,42.5,0.471,63.323,50706.0,68.2755984422337
MHL,Marshall Islands,2012,-0.35386854623583,38.2,0.467,64.776,51419.0,74.2705132518924
MKD,North Macedonia,1992,-5.4862400516152,33.0,2.246,71.1484634146342,2032523.0,58.5568077404273
MKD,North Macedonia,1996,0.480270787981112,21.2,2.218,72.4951219512195,2012553.0,59.6584367661814
MKD,North Macedonia,2000,4.07405080631071,15.9,2.166,72.9463414634147,2026350.0,58.4918382392587
MKD,North Macedonia,2004,5.01357406752894,14.2,2.152,73.5975609756098,2016186.0,57.8527941292946
MKD,North Macedonia,2008,6.08402471253315,11.7,2.59,74.4,1971493.0,57.9593566737547
MKD,North Macedonia,2012,-0.0653472343038857,10.2,2.839,74.9024390243903,1929821.0,58.3924217811729
MKD,North Macedonia,2016,3.1782257470099,10.8,3.166,75.4,1906313.0,59.3823070989891
MLI,Mali,1980,-6.29825711883754,301.5,0.039,40.266,7530515.0,14.049924155769
MLI,Mali,1988,8.88871132863245,241.6,0.054,45.72,8833996.0,16.213291043119
MLI,Mali,1996,4.09767423146987,208.1,0.063,48.5,10407278.0,17.8491309532752
MLI,Mali,2000,-3.58595570295952,187.6,0.044,50.605,11559290.0,18.977631037325
MLI,Mali,2004,-1.75582979396248,163.1,0.055,53.253,13102409.0,20.4570532892964
MLI,Mali,2008,0.28826876189116,142.6,0.063,55.187,14940782.0,22.1922849560871
MLI,Mali,2012,-3.91930567411303,126.1,0.101,56.696,16957033.0,24.1606168848588
MLI,Mali,2016,2.70047363998611,112.4,0.117,58.286,19191289.0,26.4468586077195
MLT,Malta,1984,0.921302662423145,14.5,1.38,73.2111707317073,330593.0,89.7593616603886
MLT,Malta,1992,3.61645027238262,10.6,2.335,76.5651219512195,367618.0,91.8075628458526
MLT,Malta,2000,18.911491477925,7.6,2.561,78.3487804878049,390087.0,93.278338811526
MLT,Malta,2004,-0.264750342451379,7.0,3.369,79.2536585365854,401268.0,93.6081858790552
MLT,Malta,2008,3.73344869647698,6.9,3.279,79.6365853658537,409379.0,94.0294765354989
MLT,Malta,2012,3.16977820606121,6.8,3.237,80.7463414634146,420028.0,94.3626256493653
MLT,Malta,2016,1.72282096153398,6.5,3.828,82.4536585365854,454505.0,94.4800033569336
MMR,Myanmar,2000,12.482374612359,89.5,0.302,60.357,45290841.0,27.5346072708149
MMR,Myanmar,2004,12.5957538910265,79.7,0.378,61.443,47068772.0,28.2256085278922
MMR,Myanmar,2008,9.64981113277751,101.1,0.49,56.364,48390793.0,28.8586544957208
MMR,Myanmar,2012,6.43324807639843,58.0,0.599,64.251,49837446.0,29.3956289363345
MMR,Myanmar,2016,5.02652118853597,49.5,0.638,65.64,51495696.0,29.8129165582094
MNE,Montenegro,2000,3.27911916013548,14.2,1.823,73.3968048780488,604950.0,59.0899260145706
MNE,Montenegro,2004,4.24115443247463,11.4,1.879,74.2056097560976,613353.0,62.210498320663
MNE,Montenegro,2008,6.70904934455439,8.0,2.073,75.1365853658537,616969.0,63.8414387962647
MNE,Montenegro,2012,-2.65570357284696,5.4,2.014,76.3,621418.0,64.5244008658951
MNE,Montenegro,2016,3.32318817615919,3.8,2.589,76.5414634146342,625353.0,64.9101692293409
MNG,Mongolia,1992,-9.35893880867637,97.8,2.618,60.4307073170732,2167790.0,56.9476949363892
MNG,Mongolia,2000,-0.187391049653314,62.9,2.647,63.2104878048781,2388299.0,56.7305447074496
MNG,Mongolia,2004,9.38888056764907,44.5,2.592,64.630243902439,2508412.0,60.7829994587671
MNG,Mongolia,2008,7.19669912596376,31.1,2.879,67.2460975609756,2643201.0,66.4693095486742
MNG,Mongolia,2012,10.2081460867694,22.8,3.075,69.500243902439,2839705.0,67.9522782537785
MNG,Mongolia,2016,-0.547071462431205,18.4,3.289,70.2239024390244,3088856.0,67.9776754820979
MOZ,Mozambique,2000,-1.43002745719546,163.0,0.024,49.476,18129653.0,29.2423697311441
MOZ,Mozambique,2004,5.76229495896818,131.6,0.026,51.855,19840313.0,29.8592114813982
MOZ,Mozambique,2012,4.93805479095479,86.3,0.056,56.46,24337846.0,31.4315251735105
MRT,Mauritania,1984,-5.9741751048054,144.8,0.083,55.195,1653693.0,36.248990448288
MRT,Mauritania,2004,2.30058496670189,77.0,0.109,63.369,2868664.0,39.5685575664461
MUS,Mauritius,1980,-11.5649251333924,40.2,0.521,66.7709024390244,966039.0,42.1390971611
MUS,Mauritius,1992,5.12044441463986,21.3,0.847,70.0585365853659,1084441.0,43.7659935577684
MUS,Mauritius,2000,7.14471594691584,18.9,0.888,71.6634146341463,1186873.0,42.063123063288
MUS,Mauritius,2004,3.67780930188448,15.7,1.043,72.2658536585366,1221003.0,41.3265540022042
MUS,Mauritius,2008,5.00653905530841,15.0,1.138,72.5707317073171,1244121.0,40.6154231740954
MUS,Mauritius,2012,3.20949947880025,15.0,1.336,73.8634146341464,1255882.0,40.0369511615085
MUS,Mauritius,2016,3.79113070734437,14.7,2.144,74.3948780487805,1263747.0,39.5578893260494
MWI,Malawi,1984,1.32134940671426,247.7,0.087,44.807,7332810.0,9.93226176316949
MWI,Malawi,2004,2.72895046279207,119.3,0.021,51.073,12500737.0,15.0316039821946
MWI,Malawi,2008,4.5585561584534,93.1,0.018,55.715,13976417.0,15.3238029928378
MWI,Malawi,2016,-0.256367435160101,53.5,0.031,63.163,17557739.0,15.899632938282
MYS,Malaysia,1980,4.49993284463055,30.4,0.255,68.061,12983363.0,34.2417737349461
MYS,Malaysia,1988,6.5350616719533,18.3,0.367,70.551,16796605.0,45.7537757364245
MYS,Malaysia,1992,6.0401774276111,15.1,0.41,71.483,18834572.0,51.8628569177227
MYS,Malaysia,1996,7.2619407567863,12.9,0.489,72.119,20850087.0,57.2317705759929
MYS,Malaysia,2000,6.33603610574379,10.0,0.68,72.732,22967816.0,61.9694564490726
MYS,Malaysia,2004,4.34321310786574,8.4,0.722,74.027,25256772.0,66.0647889111941
MYS,Malaysia,2008,2.65806478779189,8.2,0.911,75.151,27570059.0,69.5438130147565
MYS,Malaysia,2012,3.69276569143121,8.0,1.305,75.552,29662831.0,71.9680127926087
MYS,Malaysia,2016,2.62004557566016,8.2,1.576,75.371,31789685.0,73.8588978909614
NAM,Namibia,1992,3.84175231745985,71.4,0.232,60.16,1461322.0,27.3243006833291
NAM,Namibia,2004,10.8464095671906,74.1,0.308,52.175,1942082.0,35.5356476670033
NER,Niger,1984,-19.2433493449205,333.0,0.025,39.989,6909971.0,14.633719659644
NER,Niger,1992,-1.13103705292642,316.7,0.027,43.064,8817633.0,15.5867443084717
NER,Niger,1996,-3.19125592898469,268.8,0.024,46.313,10044852.0,15.8138437271118
NER,Niger,2004,-3.18333778722413,182.8,0.022,52.402,13265836.0,16.2687225341797
NER,Niger,2008,3.81608288917157,146.6,0.019,55.852,15361915.0,16.2586706998252
NER,Niger,2012,6.45537638540985,130.7,0.053,57.987,17836769.0,16.2141284004355
NER,Niger,2016,1.92620628769158,125.1,0.033,59.228,20685753.0,16.3898280543236
NGA,Nigeria,1980,1.00316529124757,213.2,0.113,45.959,73764641.0,27.4143708854178
NGA,Nigeria,1992,1.92006635002696,208.3,0.185,45.587,102372770.0,36.7456434131176
NGA,Nigeria,2000,2.24461411109775,182.3,0.269,47.143,126382494.0,43.2785051250243
NGA,Nigeria,2008,3.83258898509833,141.3,0.359,50.748,157595014.0,50.0505212312351
NGA,Nigeria,2016,-4.01892534268501,124.8,0.428,52.189,195443700.0,56.541038793347
NIC,Nicaragua,1980,1.78518532048204,108.0,0.416,57.953,3252403.0,51.1241632429914
NIC,Nicaragua,1984,-3.9819118632871,86.2,0.637,56.126,3619104.0,52.1871967438108
NIC,Nicaragua,1988,-14.4368658409524,72.2,0.471,59.833,3972320.0,53.0862705633115
NIC,Nicaragua,2008,1.96391791132177,25.5,0.659,71.404,5576593.0,56.4638124507513
NIC,Nicaragua,2012,5.0120845551519,21.3,0.872,72.435,5901287.0,57.2316842226606
NIC,Nicaragua,2016,3.16650951067395,17.8,0.965,73.18,6232666.0,58.0043880782023
NLD,Netherlands,1976,3.63954454737873,12.6,1.7,74.6470731707317,13774037.0,64.5073879178842
NLD,Netherlands,2000,3.47747780858097,6.2,2.423,77.9878048780488,15925513.0,78.4826828427081
NLD,Netherlands,2004,1.66244352424715,5.5,2.625,79.0951219512195,16281779.0,82.250953139759
NLD,Netherlands,2008,1.72005565007052,4.7,2.844,80.2512195121951,16445593.0,85.6149582464487
NLD,Netherlands,2012,-1.34363605737404,4.2,3.223,81.1048780487805,16754962.0,88.5342462391333
NLD,Netherlands,2016,1.88065314524779,4.1,3.501,81.5609756097561,17030314.0,90.5803239452777
NOR,Norway,1976,5.33035957508415,12.2,1.8,75.039512195122,4026152.0,69.3257881454637
NOR,Norway,1980,4.2288947624111,10.1,2.0,75.6717073170732,4085620.0,70.6475562292194
NOR,Norway,1984,5.75352056246923,10.1,2.2,76.2243902439024,4140099.0,71.1998600765354
NOR,Norway,1992,2.97836952395049,7.2,2.656,77.1843902439025,4286401.0,72.6495385440231
NOR,Norway,1996,4.49689278199928,5.4,3.047,78.1504878048781,4381336.0,74.1999969482422
NOR,Norway,2000,2.65053093720739,4.9,3.38,78.6341463414634,4490967.0,76.1338922449534
NOR,Norway,2004,3.40174616090181,4.2,3.401,79.8414634146342,4591910.0,77.5684593888498
NOR,Norway,2008,-0.762647949902117,3.6,3.955,80.5926829268293,4768212.0,78.7541006020666
NOR,Norway,2012,1.37764088326504,3.0,4.232,81.4512195121951,5018573.0,79.4905925441617
NOR,Norway,2016,0.277407788765373,2.6,4.22,82.4073170731707,5234519.0,81.6800003051758
NPL,Nepal,1980,-4.59615404233888,208.3,0.034,48.333,15553105.0,14.6080971066587
NPL,Nepal,1984,7.1381623325468,181.6,0.031,50.227,17085242.0,17.1130217092164
NPL,Nepal,1988,5.45398866703283,153.4,0.051,53.109,18638661.0,18.7416664571671
NPL,Nepal,1992,1.21094958738936,124.8,0.076,56.686,20609707.0,21.1696090774496
NPL,Nepal,1996,3.02911523214613,100.0,0.04,60.044,22741862.0,25.2906817030471
NPL,Nepal,2004,3.36324782625996,63.5,0.207,64.744,26016656.0,41.6109470808194
NPL,Nepal,2012,4.40244630730626,44.1,0.506,67.364,27534915.0,63.6558406194333
NRU,Nauru,2004,-4.32433795357886,35.3,0.99,59.346,10060.0,100.0
NRU,Nauru,2008,20.1318813068238,30.0,1.0,59.675,10009.0,100.0
NZL,New Zealand,1976,0.0397432614710453,17.7,1.3,72.4219512195122,3110500.0,82.8950647822556
NZL,New Zealand,1980,1.1573581248127,15.6,1.6,72.8292682926829,3112900.0,83.4049903266551
NZL,New Zealand,1984,3.88995795101282,14.1,1.7,74.3707317073171,3227100.0,83.6888703735019
NZL,New Zealand,1988,-0.626814136933348,12.4,1.9,74.4243902439024,3283400.0,84.2960211121073
NZL,New Zealand,1992,0.0461709248823894,10.0,1.903,76.1243902439025,3531700.0,85.0806768441581
NZL,New Zealand,1996,1.98496136384595,8.4,2.047,76.7878048780488,3732000.0,85.4708430476733
NZL,New Zealand,2000,2.26739583876633,7.4,2.233,78.6365853658537,3857700.0,85.7059660456056
NZL,New Zealand,2004,2.55242862499898,6.7,2.19,79.5487804878049,4087500.0,85.9017708294597
NZL,New Zealand,2008,-1.85355347358967,6.4,2.463,80.3512195121951,4259800.0,85.9144723093505
NZL,New Zealand,2012,1.80664874629129,6.0,2.713,81.4073170731707,4408100.0,85.777700676896
NZL,New Zealand,2016,1.47418017961533,5.5,3.115,81.6585365853659,4714100.0,84.691365594
OMN,Oman,2000,4.83264880749192,16.4,1.428,73.643,2282131.0,71.5400835229196
OMN,Oman,2004,0.252575657950231,13.2,1.61,74.82,2404821.0,71.5428923484265
OMN,Oman,2008,6.61241844727729,12.0,1.978,76.124,2626529.0,73.807772368029
OMN,Oman,2012,-5.57202783891576,11.5,1.989,78.187,3547106.0,76.088156621068
OMN,Oman,2016,0.118553614303224,11.1,1.964,79.581,4390877.0,77.7521362304688
PAK,Pakistan,1980,5.80395440820467,164.9,0.285,57.199,82291010.0,28.0937593850085
PAK,Pakistan,1992,4.66648101392903,134.2,0.486,59.983,123546848.0,31.2258184044289
PAK,Pakistan,1996,1.83880828653224,121.2,0.536,60.466,138557092.0,32.1402116675762
PAK,Pakistan,2000,1.35619796881565,108.1,0.593,61.903,154879127.0,33.0046884491535
PAK,Pakistan,2004,5.20245589475688,98.5,0.679,63.097,171286000.0,33.7441369568158
PAK,Pakistan,2008,-0.577212099008804,91.0,0.707,64.002,189499113.0,34.4460387735948
PAK,Pakistan,2012,1.08227196914481,82.7,0.775,64.883,207667125.0,35.2160229383731
PAK,Pakistan,2016,5.19506859858923,73.3,0.89,65.943,220138869.0,36.1597184900333
PAN,Panama,1984,0.337222276091524,37.5,1.021,70.403,2150782.0,51.0920195298521
PAN,Panama,1988,-15.2529185873359,32.4,1.793,70.945,2352848.0,52.8260211684007
PAN,Panama,1992,5.95973635976357,29.1,1.151,71.461,2561336.0,55.3376133253207
PAN,Panama,1996,1.99565817140169,27.7,1.213,72.199,2780227.0,59.2406037081197
PAN,Panama,2004,6.13442201164611,22.5,1.329,74.845,3251155.0,63.7553758418416
PAN,Panama,2008,8.20927222938532,19.7,1.387,75.937,3500648.0,64.8088713516952
PAN,Panama,2012,7.70986516046257,17.7,1.603,76.877,3759256.0,65.2829468288151
PAN,Panama,2016,2.77979898980544,17.0,1.573,77.772,4029086.0,65.5971555296656
PER,Peru,1980,3.33267060592001,126.6,0.716,59.982,17360949.0,64.6999623364039
PER,Peru,1984,1.07540329810783,110.8,0.908,61.066,19174716.0,66.588333745864
PER,Peru,1988,-11.4730434692984,89.2,0.965,62.995,21054702.0,68.1760079570505
PER,Peru,1992,-2.54546849500791,72.0,1.03,65.031,22946340.0,69.7000538774584
PER,Peru,2012,5.25513020005759,18.9,1.139,73.979,29550366.0,78.6488061451268
PER,Peru,2016,2.57623039728159,17.3,1.307,75.951,30866494.0,81.4192362241943
PHL,Philippines,1980,2.49286419319625,79.0,0.128,61.884,48043740.0,33.8476677046844
PHL,Philippines,1984,-9.68938719558849,74.0,0.154,62.426,53726181.0,34.643010807029
PHL,Philippines,1992,-1.93397839592187,49.8,0.108,65.353,65926125.0,36.5239357507243
PHL,Philippines,1996,3.44957899709138,41.4,1.23,66.691,72190242.0,37.713489030079
PHL,Philippines,2000,1.9282797124846,36.9,1.194,67.789,79625397.0,39.1384171397742
PHL,Philippines,2004,4.51829535753411,33.6,1.086,68.301,86394504.0,40.8507057988121
PHL,Philippines,2008,2.51657128580275,30.7,1.232,68.643,92699095.0,43.1547492407016
PHL,Philippines,2012,4.8407653397621,28.7,0.564,69.237,100175512.0,47.9182784810426
PHL,Philippines,2016,5.7212148588973,27.8,0.631,69.49,106735719.0,51.9114748151175
PNG,Papua New Guinea,1980,-4.30545062924614,104.4,0.062,57.391,3131512.0,13.0585719559426
PNG,Papua New Guinea,2000,-5.80069881814661,71.9,0.05,61.609,5537064.0,13.2228772276955
PNG,Papua New Guinea,2008,-3.34540325323914,61.6,0.046,62.511,7183002.0,13.0185611592166
POL,Poland,1992,2.2010658533475,16.5,2.19,71.090243902439,38363667.0,61.4357163819024
POL,Poland,1996,6.01319811600105,13.2,2.368,72.2463414634146,38624370.0,61.6396786847836
POL,Poland,2000,5.75502267661936,9.3,2.223,73.7487804878049,38258629.0,61.7459160613903
POL,Poland,2004,5.15230495657681,7.8,2.291,74.8463414634146,38182222.0,61.6555172559989
POL,Poland,2008,4.36953645222033,6.7,2.169,75.5439024390244,38125759.0,61.1258760375274
POL,Poland,2012,1.51202436704637,5.4,2.223,76.7463414634146,38063164.0,60.6341632788866
POL,Poland,2016,3.07547528252388,4.8,2.397,77.8512195121951,37970087.0,60.2402284228997
PRT,Portugal,1976,3.90271245992484,39.4,1.3,68.8609756097561,9355810.0,38.71700958882
PRT,Portugal,1992,1.1681037872908,12.5,2.864,74.3121951219512,9952494.0,49.0028717408102
PRT,Portugal,1996,3.11580522976421,9.2,3.008,75.2609756097561,10063945.0,51.6932632041232
PRT,Portugal,2000,3.08905313202446,7.2,3.207,76.3146341463415,10289898.0,54.4051635389142
PRT,Portugal,2004,1.54561995012715,5.0,3.417,77.6707317073171,10483861.0,57.4171857647664
PRT,Portugal,2008,0.174699975144293,4.0,3.752,78.5243902439025,10558177.0,60.3510029424595
PRT,Portugal,2012,-3.66111452137058,3.7,4.241,80.3731707317073,10514844.0,61.1409793914666
PRT,Portugal,2016,2.32643063621838,3.6,4.93,81.1243902439025,10325452.0,61.1343011242723
PRY,Paraguay,1984,-0.0413519355069241,57.1,0.701,65.609,3412936.0,44.2836907378064
PRY,Paraguay,1988,2.98628798534499,49.2,0.64,66.71,3820546.0,48.1456993208789
PRY,Paraguay,2000,-4.18580870385856,33.6,1.17,70.026,5100868.0,57.5141169408231
PRY,Paraguay,2012,-2.09516519053814,24.4,1.391,73.105,5897008.0,59.9212909454702
QAT,Qatar,1996,1.47482709329236,14.6,1.26,74.558,529019.0,95.3885119686424
QAT,Qatar,2008,-0.340739470062928,9.6,3.231,78.262,1426938.0,98.1295193937322
QAT,Qatar,2016,-2.45109169349175,7.5,2.751,82.147,2477113.0,98.9855265345423
ROU,Romania,1992,-7.93923952826758,28.4,1.856,69.7843902439024,22794284.0,54.3130567791968
ROU,Romania,1996,4.20752254376104,26.8,1.815,69.1048780487805,22619004.0,53.677523113411
ROU,Romania,2000,2.59397523199067,21.6,1.961,71.1634146341463,22442971.0,52.8619549004535
ROU,Romania,2004,11.0591132161949,19.4,2.25,71.5609756097561,21451748.0,52.9175295523808
ROU,Romania,2008,11.1442089014979,14.0,2.426,72.5658536585366,20537875.0,53.6297858153706
ROU,Romania,2012,2.35828066727251,11.2,2.598,74.4121951219512,20058035.0,53.9563092496073
ROU,Romania,2016,3.45169541464914,8.5,2.83,75.209756097561,19702267.0,53.5528171972639
RUS,Russian Federation,1992,-14.6139171358036,21.7,4.28,66.8731707317073,148538197.0,73.3822937011719
RUS,Russian Federation,1996,-3.61497549497646,21.7,4.519,65.8541463414634,148160129.0,73.0623092651367
RUS,Russian Federation,2000,10.4637091559227,19.4,4.636,65.4836585365854,146596869.0,73.1568222045898
RUS,Russian Federation,2004,7.63249118230908,15.0,4.74,65.4709756097561,144067316.0,73.3065795898438
RUS,Russian Federation,2008,5.24621001829865,11.3,4.894,67.9492682926829,142742366.0,73.4822463989258
RUS,Russian Federation,2012,3.76271915500016,9.9,4.003,70.0721951219512,143378447.0,73.97265625
RUS,Russian Federation,2016,-0.0904862004782103,7.5,3.964,71.6512195121951,145015460.0,74.3703138709243
RWA,Rwanda,1980,5.61955982337533,218.2,0.032,48.122,5353259.0,4.81638822421827
RWA,Rwanda,2004,4.64511890543764,118.1,0.049,55.52,8816844.0,16.9020099536792
RWA,Rwanda,2008,8.27757420238298,76.2,0.052,60.641,9804269.0,16.9170867063804
RWA,Rwanda,2016,3.48878829333981,46.3,0.12,65.733,11919183.0,19.1213951786548
SAU,Saudi Arabia,2000,0.150492543589365,22.1,0.924,72.607,16177722.0,79.9704860819453
SAU,Saudi Arabia,2008,2.04298819113291,13.8,1.971,75.301,23287877.0,81.6441431042994
SAU,Saudi Arabia,2012,1.40889754697817,10.8,2.273,76.09,26168861.0,82.4311918025358
SAU,Saudi Arabia,2016,-2.03439520588341,8.5,2.466,78.354,30954198.0,83.129128630626
SDN,Sudan,1980,-2.31869961272838,147.5,0.11,54.072,17058905.0,19.8180733969619
SDN,Sudan,1984,-7.06459754963682,180.2,0.096,49.807,19546528.0,21.4474884740718
SDN,Sudan,1996,3.52820988912499,116.4,0.09,57.638,25231528.0,32.1664651904255
SDN,Sudan,2000,3.37132975440942,103.4,0.158,58.946,27816745.0,32.3435880462815
SDN,Sudan,2004,2.38501078452138,102.6,0.247,56.773,30556637.0,32.4459598296403
SDN,Sudan,2008,0.693530743818769,78.8,0.322,61.261,33623980.0,32.4816230749746
SEN,Senegal,1992,-1.47449734866765,135.0,0.068,57.287,8168395.0,39.3197068566225
SEN,Senegal,1996,-0.443182026754187,138.4,0.093,57.129,9067014.0,39.9664704533115
SEN,Senegal,2004,2.21660237161285,95.9,0.054,60.308,10975704.0,41.6248193895895
SEN,Senegal,2008,1.30518111750766,70.3,0.062,63.201,12048959.0,42.867747101036
SEN,Senegal,2016,3.23503572393487,51.1,0.077,66.724,15034521.0,47.0553579909929
SGP,Singapore,1980,8.72460740268357,14.6,0.851,72.190243902439,2413945.0,100.0
SGP,Singapore,1988,8.47550112413526,9.1,1.111,74.6975609756098,2846108.0,100.0
SGP,Singapore,1992,3.48371824424044,6.3,1.348,75.9463414634146,3230698.0,100.0
SGP,Singapore,2000,7.16598820156491,3.8,1.382,77.9512195121951,4027887.0,100.0
SGP,Singapore,2004,8.5722052915981,3.1,1.556,79.490243902439,4166664.0,100.0
SGP,Singapore,2008,-3.41549269446281,2.8,1.631,80.790243902439,4839396.0,100.0
SGP,Singapore,2012,1.90446223662212,2.8,1.932,81.9951219512195,5312437.0,100.0
SGP,Singapore,2016,2.41021443466256,2.7,2.325,82.8463414634146,5607283.0,100.0
SLB,Solomon Islands,1992,9.35072472383121,36.2,0.157,66.471,352205.0,14.1156307980977
SLB,Solomon Islands,2008,4.42328745185992,28.1,0.175,68.336,508790.0,19.0370010521463
SLB,Solomon Islands,2012,-1.22485253459861,26.2,0.15,68.961,573606.0,21.3906964219987
SLB,Solomon Islands,2016,1.8954619438627,24.5,0.181,69.501,662379.0,24.5047424399707
SLE,Sierra Leone,1980,2.77392622981942,288.6,0.058,42.839,3272089.0,30.2130166916028
SLE,Sierra Leone,1984,1.83752207389294,274.8,0.075,43.561,3558758.0,31.7692237825286
SLE,Sierra Leone,1996,1.26843628467385,242.8,0.073,43.528,4199210.0,34.6993438070346
SLE,Sierra Leone,2004,2.93937041660126,200.6,0.031,47.485,5355717.0,36.5491283814755
SLE,Sierra Leone,2008,1.12905319443597,173.3,0.0155,50.693,5894722.0,37.8725951588418
SLV,El Salvador,1980,-16.9489476313547,125.3,0.326,48.589,4540382.0,42.8116507589043
SLV,El Salvador,1984,-0.579001391831696,84.2,0.352,56.571,4798003.0,45.1138197629018
SLV,El Salvador,1988,-0.149099217112905,66.5,0.647,59.977,5195833.0,47.6695741205689
SLV,El Salvador,2008,1.82447186659891,20.4,1.914,70.138,6029297.0,63.6372503452723
SLV,El Salvador,2016,2.25589267443243,13.9,1.5662,70.908,6200800.0,70.3990173339844
SMR,San Marino,2012,-9.40251314800584,2.4,4.896,83.943,33469.0,97.0999984741211
SOM,"Somalia, Fed. Rep.",1984,-0.428395914894608,194.9,0.071,48.438,6428389.0,27.7224770306845
SRB,Serbia,2004,6.93608982587538,9.7,2.772,72.6829268292683,7463157.0,57.3144555999278
SRB,Serbia,2008,5.60952327700927,7.9,2.943,73.8853658536585,7350222.0,58.8944613226962
SRB,Serbia,2012,0.040200455150412,7.1,3.047,74.8365853658537,7201497.0,59.3468437194824
SRB,Serbia,2016,3.5158880281917,6.1,2.926,75.6878048780488,7058322.0,60.3853870034026
STP,Sao Tome and Principe,1980,-3.38207304585406,91.0,0.438,59.361,98544.0,33.3439263162786
STP,Sao Tome and Principe,1992,-1.19672530387369,108.9,0.328,60.706,128110.0,45.7968298871752
STP,Sao Tome and Principe,1996,-0.0318143345786694,101.3,0.467,60.576,136962.0,49.3645396106862
STP,Sao Tome and Principe,2004,0.983351604603726,60.5,0.514,62.56,157705.0,57.8774845467458
SUR,Suriname,1984,-2.78476423596697,54.9,0.791,61.211,382193.0,66.1600272294813
SUR,Suriname,1996,-1.12297125235634,36.0,0.252,63.079,438830.0,66.5963972897263
SUR,Suriname,2000,0.016412852428175,31.1,0.401,64.409,476643.0,66.7015222141811
SUR,Suriname,2004,6.9146916825718,27.2,0.778,66.362,513923.0,66.743604713168
SUR,Suriname,2016,-5.90338246401519,20.0,1.087,70.979,587757.0,66.1426466980469
SVK,Slovak Republic,2000,0.925761788954276,9.6,3.238,73.0512195121951,5388720.0,56.1058893284907
SVK,Slovak Republic,2004,5.41095986972041,8.6,3.151,73.9585365853659,5372280.0,55.5843833415875
SVK,Slovak Republic,2008,5.27306126349816,7.4,3.369,74.7048780487805,5379233.0,54.895930446636
SVK,Slovak Republic,2012,1.39646371759601,6.6,3.366,76.109756097561,5407579.0,54.2764528316182
SVK,Slovak Republic,2016,1.81646959957402,6.1,3.476,77.1658536585366,5430798.0,53.7399327086517
SVN,Slovenia,1992,-5.3249118126253,9.0,2.089,73.3048780487805,1996498.0,50.6631317138672
SVN,Slovenia,1996,2.97799607802567,6.9,2.14,74.4585365853658,1988628.0,50.2747487580715
SVN,Slovenia,2000,3.1919411832727,5.4,2.154,75.4121951219512,1988925.0,50.6975029797519
SVN,Slovenia,2004,4.47906492828298,4.4,2.302,77.2073170731707,1997012.0,50.7124410611224
SVN,Slovenia,2008,3.20889412209657,3.6,2.397,78.7658536585366,2021316.0,50.3620036820409
SVN,Slovenia,2012,-3.11922481726151,2.9,2.546,80.1243902439024,2057159.0,49.7619476318359
SVN,Slovenia,2016,2.95902414777296,2.6,3.019,81.1756097560976,2065042.0,53.647274017334
SWE,Sweden,1976,0.691238137203413,9.8,1.8,74.9692682926829,8222286.0,82.7897023826296
SWE,Sweden,1980,1.49373317290613,8.4,2.2,75.7409756097561,8310531.0,83.0882867174939
SWE,Sweden,1984,4.13486530060632,7.7,2.6,76.8158536585366,8336605.0,83.0966927900602
SWE,Sweden,1988,2.08876053466133,7.3,2.8,76.9792682926829,8436489.0,83.2321207888848
SWE,Sweden,1992,-1.73663035646904,6.2,3.468,77.9987804878049,8668067.0,83.6078889853357
SWE,Sweden,1996,1.54298849078722,4.6,2.838,78.9590243902439,8840998.0,83.9365712484942
SWE,Sweden,2000,4.46324425617721,4.1,3.026,79.6439024390244,8872109.0,84.0400009155273
SWE,Sweden,2004,3.77065163055421,3.7,3.373,80.4975609756098,8993531.0,84.2670710494849
SWE,Sweden,2008,-1.6919565204184,3.2,3.681,81.1,9219637.0,84.7517366727063
SWE,Sweden,2012,-1.14837721022437,3.0,3.967,81.7048780487805,9519374.0,85.6250668883122
SWE,Sweden,2016,0.855975824436371,2.8,4.233,82.3073170731707,9923085.0,87.0
SWZ,Eswatini,1996,1.80600304729556,87.1,0.151,53.296,989841.0,23.0616648391073
SWZ,Eswatini,2004,2.99348109442741,116.2,0.159,43.906,1073159.0,22.3077107838089
SWZ,Eswatini,2016,2.34965752297238,55.3,0.093,56.228,1149507.0,23.5278881746356
SYC,Seychelles,1996,8.3958454530317,14.1,1.324,71.5609756097561,76417.0,45.4469524119701
SYC,Seychelles,2004,-2.49000825290008,13.8,1.372,72.6609756097561,82475.0,42.9237756892027
SYC,Seychelles,2008,-4.87712623002744,13.9,0.757,73.1634146341463,86956.0,42.696637125589
SYC,Seychelles,2012,2.10412826503328,14.3,0.935,74.2756097560976,88303.0,42.7261758463169
SYC,Seychelles,2016,10.6277900412689,14.6,1.849,74.309756097561,94677.0,43.2815632531296
SYR,Syrian Arab Republic,1980,10.7274172750547,60.3,0.446,66.545,8957663.0,46.7329879694194
SYR,Syrian Arab Republic,2000,-1.80421522520456,23.2,1.347,70.856,16637888.0,51.876811612138
SYR,Syrian Arab Republic,2004,4.2935988060548,20.3,1.412,72.494,18336875.0,53.5
SYR,Syrian Arab Republic,2008,0.843363715439807,19.0,1.419,73.368,21636564.0,54.5858464394493
SYR,Syrian Arab Republic,2016,-5.28022453338099,32.2,1.172,65.19,19193834.0,75.15400963398
TCD,Chad,2000,-4.24950215625832,183.6,0.028,47.937,8512093.0,21.6527690760484
TCD,Chad,2004,27.8073148134373,170.0,0.035,48.687,9920036.0,21.7377792120134
TCD,Chad,2012,5.29734255122003,140.1,0.04,50.765,13210998.0,22.1061904148178
TCD,Chad,2016,-7.0850619018951,125.7,0.036,51.603,15114655.0,23.1119734707179
TGO,Togo,1980,11.3980264657862,178.8,0.055,52.146,2920894.0,24.7125978839733
TGO,Togo,1984,2.07366660498529,163.2,0.117,54.094,3332837.0,26.2021681670453
TGO,Togo,2004,-3.48771797818526,105.9,0.043,55.594,5696508.0,34.9007435603688
TGO,Togo,2008,1.08763807878243,94.1,0.055,56.651,6368812.0,36.6808327233827
TGO,Togo,2016,1.62761006802251,73.2,0.044,59.669,7858289.0,40.1485878279739
THA,Thailand,1980,3.02724612072593,60.7,0.147,62.186,45650022.0,17.0844066743608
THA,Thailand,1984,3.76302695681466,50.3,0.16,65.55,49351708.0,17.7013465942106
THA,Thailand,1988,11.3728951000104,41.2,0.21,68.194,52969595.0,18.2800825523918
THA,Thailand,2004,5.34116205951062,18.1,0.289,72.1,65452047.0,36.785516284484
THA,Thailand,2008,0.947280170156503,15.3,0.311,74.221,67619830.0,41.8954507430475
THA,Thailand,2016,2.96944155296718,11.5,0.433,76.769,70859841.0,47.8801095551247
TJK,Tajikistan,1992,-30.3597640189133,105.9,2.314,57.085,5649400.0,30.6177365157904
TJK,Tajikistan,1996,-18.3194300083395,104.0,1.972,60.806,6066523.0,27.769317170259
TJK,Tajikistan,2000,7.00808967496647,79.7,2.148,63.542,6284735.0,26.5355104669232
TJK,Tajikistan,2004,8.15635551136702,56.7,1.914,66.604,6790547.0,26.5327772632159
TJK,Tajikistan,2008,5.78378645390583,41.7,1.895,67.924,7338403.0,26.5306015116451
TJK,Tajikistan,2012,4.96076448659319,33.6,1.697,69.13,8014084.0,26.4102249145508
TJK,Tajikistan,2016,4.2256886170877,29.4,1.754,69.982,8865631.0,26.3718509674072
TKM,Turkmenistan,1988,7.69755768557008,83.6,3.55,63.699,3559363.0,45.237814674453
TKM,Turkmenistan,1992,-16.8801033284759,78.3,3.589,63.753,3944689.0,44.802815831344
TKM,Turkmenistan,1996,4.88281215588242,79.0,3.222,63.538,4263819.0,44.8415980584705
TKM,Turkmenistan,2000,3.38607015598539,69.7,2.708,64.931,4582677.0,46.0736689106993
TKM,Turkmenistan,2004,3.00488650007382,55.6,2.479,66.055,4958093.0,46.7375427392139
TKM,Turkmenistan,2008,12.5329864814578,46.0,2.126,67.584,5345029.0,46.8658106736347
TKM,Turkmenistan,2012,8.70665885774136,42.5,2.029,68.961,5808546.0,46.9603023107661
TKM,Turkmenistan,2016,3.79096200658724,43.3,1.959,69.142,6360041.0,47.0227025249994
TLS,Timor-Leste,2004,-0.917955727961413,91.7,0.082,60.743,929074.0,25.7040830077802
TLS,Timor-Leste,2008,8.42335661758385,76.8,0.037,62.858,1032429.0,28.8076745459306
TON,Tonga,2000,3.1164781634571,17.0,0.499,69.635,102677.0,23.0251513819988
TON,Tonga,2008,4.57476736236848,13.7,0.533,71.041,107020.0,23.2889000757567
TTO,Trinidad and Tobago,1980,9.00273729982064,40.3,0.726,66.507,1121744.0,52.3113065070108
TTO,Trinidad and Tobago,1984,-6.75126185963548,36.4,1.043,66.556,1172984.0,53.5829996999832
TTO,Trinidad and Tobago,1996,6.66021028344292,30.2,0.736,68.039,1300928.0,55.7836876407195
TTO,Trinidad and Tobago,2000,6.49101487437005,28.8,0.966,68.629,1319774.0,55.9291468285602
TUN,Tunisia,1980,4.98333628920737,95.2,0.271,63.669,6606195.0,51.5609159527086
TUN,Tunisia,1992,5.56226775420092,50.0,0.587,69.684,8682512.0,59.8253634803163
TUN,Tunisia,1996,5.61085297467285,39.2,0.665,71.247,9294432.0,62.0784646432836
TUN,Tunisia,2000,3.54145974209786,29.2,0.762,72.604,9764935.0,63.6166653822584
TUN,Tunisia,2004,5.24794746880204,22.7,1.311,73.519,10166163.0,64.9272741461338
TUN,Tunisia,2008,3.23983058347032,19.4,1.094,74.192,10542635.0,66.0676053984361
TUN,Tunisia,2016,0.0084982715857364,18.1,1.258,75.007,11528674.0,68.0623356528248
TUR,Turkiye,1992,3.26017406696464,65.2,0.983,68.603,57990118.0,52.7929785448463
TUR,Turkiye,1996,5.55499104784674,50.0,1.116,70.245,61951134.0,55.7904438860013
TUR,Turkiye,2000,5.62145840894716,37.4,1.303,71.931,65425961.0,58.9706120006403
TUR,Turkiye,2004,8.70602046453412,27.7,1.416,73.223,68592617.0,62.4388481173262
TUR,Turkiye,2008,-0.349081731358567,20.6,1.581,74.38,71051678.0,66.513650890377
TUR,Turkiye,2012,3.48010432023058,15.8,1.726,75.552,75175827.0,73.7788680234324
TUR,Turkiye,2016,1.9428315705164,12.6,1.774,76.595,79277962.0,88.1020958581776
TUV,Tuvalu,2008,5.23011336110841,34.2,0.971,64.516,10321.0,52.8338644492855
TZA,Tanzania,1984,1.31693001082563,177.8,0.039,52.151,21779066.0,16.5906182303143
TZA,Tanzania,2012,1.53892032694513,62.1,0.031,62.286,47374260.0,29.4878764597911
UGA,Uganda,1984,-2.97662323233796,203.3,0.044,43.706,14607677.0,7.74254709862342
UGA,Uganda,2004,3.65117760961586,114.9,0.081,53.699,27154515.0,13.1221118400615
UGA,Uganda,2012,0.865151267915266,66.7,0.098,61.579,34337438.0,21.372369321253
UKR,Ukraine,1988,2.15178868370032,19.9,4.2,71.04,51724853.0,66.628218774505
UKR,Ukraine,1992,-10.1629691607265,19.4,4.297,68.947,52323671.0,67.8603420916046
UKR,Ukraine,1996,-9.22795603769922,20.3,2.992,67.097,51226109.0,67.7194202781316
UKR,Ukraine,2000,6.79706549402465,18.3,2.986,67.786,49556660.0,67.403857296906
UKR,Ukraine,2004,12.5773931558428,15.1,2.968,67.472,47979507.0,67.5970968423685
UKR,Ukraine,2008,2.77550904646171,12.9,3.074,68.262,46819175.0,68.3752085755346
UKR,Ukraine,2012,0.364275557578679,10.7,3.434,71.09,46210056.0,68.8241983107739
URY,Uruguay,1984,-1.59402132372715,29.5,1.926,71.708,3002488.0,86.8205016337316
URY,Uruguay,1992,7.33522697716671,22.9,3.226,73.185,3139702.0,89.780655787039
URY,Uruguay,1996,5.02200077420791,20.3,3.703,73.812,3206324.0,90.7987169022654
URY,Uruguay,2008,6.94817225721984,11.9,3.996,76.275,3302177.0,93.45975578621
URY,Uruguay,2016,1.35078037686081,8.5,4.008,77.351,3379283.0,95.1585424955685
USA,United States,1976,4.39135849431463,17.9,1.3,72.8560975609756,218035000.0,73.6353974755378
USA,United States,1980,-1.20932407186373,15.0,1.5,73.609756097561,227225000.0,73.7506044021808
USA,United States,1988,3.23533791731938,11.9,1.8,74.7658536585366,244499000.0,74.8477523305311
USA,United States,1992,2.09666863144402,10.5,1.9,75.6170731707317,256514000.0,75.8943317611462
USA,United States,2000,2.92586254370109,8.4,2.596,76.6365853658537,282162411.0,79.0740897861327
USA,United States,2004,2.89111091581917,8.1,2.711,77.4878048780488,292805298.0,79.9960936968363
UZB,Uzbekistan,1992,-13.3582215361321,70.1,3.357,65.236,21485090.0,41.5298766018746
UZB,Uzbekistan,1996,-0.191816644156489,68.3,3.14,64.78,23351981.0,44.2710582086815
UZB,Uzbekistan,2000,2.53200282225691,61.5,2.961,65.456,24787054.0,47.6731005044
UZB,Uzbekistan,2004,6.1359228663663,49.2,2.726,67.203,26029350.0,50.5696510233382
UZB,Uzbekistan,2008,7.36856523907177,35.9,2.617,69.035,27494774.0,51.7943572998047
UZB,Uzbekistan,2012,5.49671909783243,25.2,2.461,70.411,29261903.0,51.3359680175781
UZB,Uzbekistan,2016,4.11984456589953,18.5,2.298,71.58,31284568.0,50.6572189331055
VCT,St. Vincent and the Grenadines,1984,5.74601657425153,35.4,0.266,69.244,107687.0,43.6567354181651
VCT,St. Vincent and the Grenadines,2000,1.47880127546429,22.5,0.784,70.35,113545.0,44.8903114926141
VCT,St. Vincent and the Grenadines,2004,4.39705000606179,22.5,0.895,70.445,112835.0,45.3517185236482
VCT,St. Vincent and the Grenadines,2012,1.73945379802912,19.8,0.938,70.539,108736.0,46.3063114823836
VEN,"Venezuela, RB",1976,4.63681158054499,52.0,0.904,67.266,13606284.0,76.6100746923834
VEN,"Venezuela, RB",1980,-7.07519951043555,44.2,0.83,68.179,15258218.0,79.2095081665964
VEN,"Venezuela, RB",1984,2.45984940470106,37.7,1.436,69.672,17008841.0,81.3384541743188
VEN,"Venezuela, RB",1988,3.82343156974383,32.3,1.6,70.762,18871020.0,83.1289826177933
VNM,Viet Nam,1992,6.46778613603792,46.4,0.437,69.62,68260337.0,19.8252510026665
VNM,Viet Nam,2008,3.74838603993047,23.6,0.673,73.455,85175788.0,29.2198330128693
VNM,Viet Nam,2012,4.27630507146044,22.6,0.824,73.762,89510356.0,31.1222779403029
VNM,Viet Nam,2016,5.35427097241221,21.8,0.825,73.984,94000117.0,32.8476189285136
VUT,Vanuatu,1980,-13.4068316638966,66.7,0.191,61.322,115660.0,14.7686019145857
VUT,Vanuatu,2004,1.47757366141985,25.0,0.146,68.985,205711.0,22.7291073078871
VUT,Vanuatu,2008,2.9853548158102,22.7,0.115,69.302,226896.0,23.9280261965467
VUT,Vanuatu,2012,-1.1852141346526,19.9,0.185,69.898,248883.0,24.8183551383933
VUT,Vanuatu,2016,1.19513802690024,18.4,0.169,70.397,272087.0,24.8654875642873
WSM,Samoa,1980,-7.01513533098695,43.8,0.361,64.961,164322.0,21.2068267454379
WSM,Samoa,1992,-0.764226258204729,28.0,0.365,68.532,170331.0,21.2265977009629
WSM,Samoa,1996,6.2658800455369,24.4,0.344,69.767,176071.0,21.6634592335707
WSM,Samoa,2008,2.81854653180625,19.3,0.447,71.531,190107.0,20.4038457706991
WSM,Samoa,2016,7.07276114056432,18.3,0.329,71.003,203499.0,19.126462366749
YEM,"Yemen, Rep.",1996,1.17123054361929,108.1,0.23,60.884,17313177.0,24.3989541605814
YEM,"Yemen, Rep.",2004,0.966767059770078,74.7,0.305,64.881,22095167.0,28.4506523754813
YEM,"Yemen, Rep.",2008,0.370978630255152,60.2,0.275,66.609,25111941.0,29.9646637170333
ZAF,South Africa,1992,-3.87926236884013,56.6,0.624,62.839,42443509.0,52.6805094926402
ZAF,South Africa,1996,2.95596987945947,61.1,0.593,61.079,45123018.0,53.5749191516739
ZAF,South Africa,2004,3.50654128784933,81.0,0.711,53.963,48991421.0,59.0977390950102
ZAF,South Africa,2008,2.00798658438173,64.2,0.679,55.982,51114599.0,61.7692983894896
ZAF,South Africa,2012,0.897179683754416,42.5,0.715,61.737,53782567.0,62.9616560303263
ZAF,South Africa,2016,-0.277781475736276,36.8,0.753,64.749,57259551.0,63.2750973439347
ZMB,Zambia,1980,-0.0025333505817286,154.9,0.076,55.496,5802833.0,39.8857225974085
ZMB,Zambia,2004,3.68494886266848,113.7,0.132,50.54,11338198.0,36.8035881130253
ZMB,Zambia,2008,3.99773185138027,86.2,0.061,54.835,13021324.0,38.9629632271162
ZMB,Zambia,2016,0.593979723633794,59.0,0.09,61.129,16914423.0,42.3442476889162
ZWE,Zimbabwe,1980,8.02232255007959,111.0,0.161,59.062,7041303.0,22.3312708613816
ZWE,Zimbabwe,2000,-3.94437178277245,98.3,0.126,46.034,11892055.0,32.3991568853313
ZWE,Zimbabwe,2004,-6.82498063511001,91.7,0.169,46.043,12365896.0,32.6278168233873
ZWE,Zimbabwe,2008,-18.6543102007687,93.4,0.0596,48.456,12959149.0,32.6912786206175
ZWE,Zimbabwe,2012,14.7871576858869,71.4,0.077,55.386,13817887.0,32.7931752128328
ZWE,Zimbabwe,2016,-0.633234613329265,56.9,0.172,59.76,14600294.0,34.0799460726314
